name,longitude,latitude,transport_modes
Aadorf,8.90330135169,47.48811815646,TRAIN
Aarau,8.0512737187,47.39135951417,TRAIN
Aarau Torfeld,8.06263971148,47.39356285575,TRAIN
Aarberg,7.27869256566,47.04454127725,TRAIN
Aarburg-Oftringen,7.90822260672,47.32026846949,TRAIN
Aareschlucht Ost (Bahn),8.21789520301,46.71200007733,TRAIN
Aareschlucht West,8.19857711981,46.72124745314,TRAIN
Aarwangen,7.76961920518,47.24087528995,TRAIN
Aarwangen Hard,7.7735331388,47.23526031183,TRAIN
Aarwangen Schloss,7.76362000227,47.24518000241,TRAIN
Aarwangen Vorstadt,7.77131000119,47.23748999383,TRAIN
Aathal,8.76562513535,47.33595913384,TRAIN
Acla da Fontauna,8.84579085043,46.69717382256,TRAIN
Adliswil,8.52425366798,47.31227447867,TRAIN
Aefligen,7.55925321768,47.09559351073,TRAIN
Aesch BL,7.60306821023,47.46774466229,TRAIN
Affoltern am Albis,8.44659499502,47.27607036243,TRAIN
Affoltern-Weier,7.74985546867,47.06191708184,TRAIN
Agno,8.90091999379,45.99592999525,TRAIN
Aigle,6.96368321186,46.3168554186,TRAIN
Aigle-Château,6.97892136109,46.31687170607,TRAIN
Aigle-Dépôt,6.97537000141,46.31828999455,TRAIN
Aigle-Hôpital,6.96605000324,46.31047000118,TRAIN
Aigle-Parc Aventure,6.98621999412,46.31530000113,TRAIN
Aigle-Place-du-Marché,6.97033999545,46.317239994,TRAIN
Airolo,8.6086197556,46.52752595779,TRAIN
Albeuve,7.05542000318,46.51793000122,TRAIN
Algetshausen-Henau,9.10994218777,47.44854834568,TRAIN
Allaman,6.39969707975,46.4757535208,TRAIN
Alle,7.12824856048,47.42422870132,TRAIN
Allières,7.00788999711,46.46981999616,TRAIN
Alp Grüm,10.03114000202,46.37474999357,TRAIN
Alpnach Dorf,8.27534492811,46.94059064829,TRAIN
Alpnachstad,8.27784827202,46.95504152743,TRAIN
Altdorf UR,8.63157541744,46.87573871328,TRAIN
Altendorf,8.82290584821,47.19396706593,TRAIN
Alter Zoll,9.52203865106,47.36858086033,TRAIN
Altmatt,8.69614675957,47.13165202434,TRAIN
Altnau,9.26591795856,47.6213679323,TRAIN
Altstätten SG,9.55651988356,47.37423480706,TRAIN
Altstätten Stadt,9.53749174071,47.3768361543,TRAIN
Alvaneu,9.65072999982,46.67124999958,TRAIN
Ambrì-Piotta,8.68992789884,46.51076379041,TRAIN
Amriswil,9.30222720093,47.55044972122,TRAIN
Andelfingen,8.67800161121,47.59376618474,TRAIN
Andermatt,8.59328041694,46.63689008768,TRAIN
Appenzell,9.40952979938,47.32853478003,TRAIN
Apples,6.42358000054,46.55087999466,TRAIN
Arbon,9.43335858262,47.51058773298,TRAIN
Arbon Seemoosriet,9.42501951919,47.52119525825,TRAIN
Ardez,10.20105000202,46.77354000086,TRAIN
Ardon,7.27094677176,46.20859416924,TRAIN
Areuse Les Isles Littorail,6.84857996915,46.9542202336,TRAIN
Areuse Littorail,6.85305687511,46.95449517947,TRAIN
Arnegg,9.25202500196,47.44200164727,TRAIN
Arnex,6.51890716329,46.69807765284,TRAIN
Arosa,9.67932999786,46.78328999666,TRAIN
Arth-Goldau,8.54944630067,47.04904488341,TRAIN
Arveyes,7.06268999751,46.29124999586,TRAIN
Arzier,6.21164999707,46.45863999466,TRAIN
Assens,6.6205300015,46.61314999604,TRAIN
Attiswil,7.61387999724,47.24639999474,TRAIN
Au SG,9.64125910752,47.43611582045,TRAIN
Au ZH,8.64372590903,47.24681794442,TRAIN
Ausserberg,7.8441670281,46.31234824494,TRAIN
Auvernier,6.87770804418,46.97964166884,TRAIN
Auvernier Littorail,6.87889217938,46.97424029729,TRAIN
Avenches,7.04092532366,46.88460159766,TRAIN
Avry-Matran,7.08043455807,46.78603017024,TRAIN
Baar,8.52327153739,47.19536403757,TRAIN
Baar Lindenpark,8.51705846014,47.18313669447,TRAIN
Baar Neufeld,8.51778078343,47.1884929513,TRAIN
Bad Ragaz,9.50522497811,47.0103094781,TRAIN
Bad Zurzach,8.29558779478,47.58831339399,TRAIN
Baden,8.30770947404,47.47642428462,TRAIN
Baldegg,8.28023150834,47.18568895917,TRAIN
Baldegg Kloster,8.28059754295,47.18061602969,TRAIN
Balerna,9.00503560941,45.84674505679,TRAIN
Ballens,6.3744599981,46.55225999803,TRAIN
Ballens-Froideville,6.3902300012,46.54965999626,TRAIN
Ballwil,8.31689880205,47.15376765531,TRAIN
Balsthal,7.69466870824,47.31319313594,TRAIN
Bannwil,7.74036000191,47.24437999823,TRAIN
Bargen BE,7.26118041111,47.040161668,TRAIN
Basel Bad Bf,7.60692041847,47.5673079057,TRAIN
Basel Dreispitz,7.60959592012,47.53743606333,TRAIN
Basel Neuallschwil,7.56609966727,47.55622851989,TRAIN
Basel SBB,7.58956279016,47.54741205505,TRAIN
Basel St. Jakob,7.61953229169,47.54261314577,TRAIN
Basel St. Johann,7.57252938371,47.57030632125,TRAIN
Bassecourt,7.24684623351,47.33668687681,TRAIN
Bassersdorf,8.6262209443,47.4385705616,TRAIN
Bassins,6.22230999899,46.46056999494,TRAIN
Baulmes,6.52428177918,46.78874869496,TRAIN
Bauma,8.87823304223,47.36883663689,TRAIN
Bavois,6.55933485236,46.68767991039,TRAIN
Bazenheid,9.06905980245,47.41012653734,TRAIN
Bei den Weihern,7.56659000007,47.22838999584,TRAIN
Beinwil am See,8.20223554454,47.26721985887,TRAIN
Bel-Air LEB,6.60553000026,46.578680001,TRAIN
Belfaux CFF,7.10623013611,46.81692461024,TRAIN
Belfaux-Village,7.11023000315,46.82269999442,TRAIN
Bellach,7.50782539624,47.20887878167,TRAIN
Bellinzona,9.02951851227,46.19543179221,TRAIN
Bellinzona Piazza Indipendenza,9.02344516036,46.18921064456,TRAIN
Belmont-sur-Montreux,6.90611999469,46.44203999796,TRAIN
Belp,7.49863571343,46.88888326683,TRAIN
Belp Steinbach,7.49309180319,46.89516463406,TRAIN
Bendlehn,9.45051000044,47.40695686699,TRAIN
Benken SG,9.00865422185,47.20445814636,TRAIN
Benzenschwil,8.36561689491,47.2468515044,TRAIN
Bercher,6.70365000286,46.69287999551,TRAIN
Berg,9.17392192891,47.58248913048,TRAIN
Bergfrieden,8.39896102438,47.39746497082,TRAIN
Bergün/Bravuogn,9.7467499985,46.63106999557,TRAIN
Berikon-Widen,8.36637059431,47.36192405883,TRAIN
Beringen Bad Bf,8.574448442,47.69498961162,TRAIN
Beringerfeld,8.59218197398,47.69537157187,TRAIN
Berlingen,9.02202296306,47.67321378502,TRAIN
Bern,7.43913088992,46.9488322905,TRAIN
Bern  Europaplatz,7.40746951928,46.94344638513,TRAIN
Bern Brünnen Westside,7.3752780803,46.94403700837,TRAIN
Bern Bümpliz Nord,7.38975568783,46.94582923827,TRAIN
Bern Bümpliz Süd,7.3952379525,46.93748747604,TRAIN
Bern Europaplatz,7.40611755507,46.94420983292,TRAIN
Bern Felsenau,7.44424999405,46.96849999565,TRAIN
Bern Riedbach,7.33404996475,46.94115430246,TRAIN
Bern Stöckacker,7.40117854444,46.94636031683,TRAIN
Bern Tiefenau,7.45019999681,46.9727399978,TRAIN
Bern Wankdorf,7.46547780088,46.96782576596,TRAIN
Bern Weissenbühl,7.43001881112,46.93577935626,TRAIN
Bernina Diavolezza,9.98229000518,46.44178999938,TRAIN
Bernina Lagalb,9.99153601601,46.43632903599,TRAIN
Bernina Suot,9.96938999623,46.44484999575,TRAIN
Bettlach,7.42837301675,47.1949494147,TRAIN
Bettmeralp Talstation,8.07651985296,46.37115787248,TRAIN
Bettwiesen,9.02077963331,47.49862133115,TRAIN
Bevaix,6.81168026788,46.92969622607,TRAIN
Bever,9.88847,46.54990999754,TRAIN
Bex,7.00066990236,46.25146458229,TRAIN
Bex Pont-Neuf,7.02082000487,46.25052000203,TRAIN
Bex-Place-du-Marché,7.01442999428,46.25091000071,TRAIN
Biasca,8.97417921686,46.35198415241,TRAIN
Bibenlos-Sonnenhof,8.35027798183,47.35379141387,TRAIN
Biberbrugg,8.72271471268,47.15637863864,TRAIN
Biberegg,8.66944317767,47.09360991035,TRAIN
Biberist Ost,7.56619090812,47.18060191898,TRAIN
Biberist RBS,7.55583057208,47.18386000659,TRAIN
Biel (Goms),8.21942861919,46.45505651108,TRAIN
Biel Mett,7.27248725632,47.14472528387,TRAIN
Biel/Bienne,7.24291060323,47.13289787086,TRAIN
Biel/Bienne Bözingenfeld/Champ,7.29464813274,47.15838230221,TRAIN
Bigenthal,7.62337471465,46.96539813499,TRAIN
Biglen,7.62670288412,46.92461739244,TRAIN
Bilten,9.02991826857,47.15219293596,TRAIN
Binzenhof,8.05058639165,47.3832116659,TRAIN
Bioggio,8.90889000394,46.01210999847,TRAIN
Bioggio Molinazzo,8.91401000202,46.01235999719,TRAIN
Birmensdorf ZH,8.43755514081,47.35743137499,TRAIN
Birr,8.21766481836,47.43584669606,TRAIN
Birrwil,8.19901733189,47.28785660045,TRAIN
Bischofszell Nord,9.23403527651,47.50041521493,TRAIN
Bischofszell Stadt,9.24147856207,47.49214090871,TRAIN
Bitsch,8.01722378609,46.3360571686,TRAIN
Bière,6.33690999407,46.53743999364,TRAIN
Blankenburg,7.38532000532,46.54109999551,TRAIN
Blausee-Mitholz,7.67555743653,46.52896364827,TRAIN
Bleien Liebegg,8.11354569017,47.34352728666,TRAIN
Blitzingen,8.2049670155,46.44466486792,TRAIN
Blonay,6.89594000291,46.46568999527,TRAIN
Blumenau,8.84240509396,47.22367068252,TRAIN
Boden,7.43537999785,46.47077000187,TRAIN
Bodio TI,8.90656798528,46.38025452036,TRAIN
Bois-de-Chexbres,6.90152999463,46.47327999987,TRAIN
Boll-Utzigen,7.54677286673,46.95302053549,TRAIN
Bollement,7.12386478189,47.2969239035,TRAIN
Bolligen,7.49742000217,46.96953999764,TRAIN
Boltigen,7.39007365616,46.62736825552,TRAIN
Bonaduz,9.39776000565,46.81029000015,TRAIN
Boncourt,7.01655175225,47.49263186836,TRAIN
Bonfol,7.1548840055,47.47442499685,TRAIN
Boniswil,8.18456054926,47.3150387366,TRAIN
Bonstetten-Wettswil,8.46819690043,47.32590133193,TRAIN
Borgnone-Cadanza,8.62249999959,46.1585200005,TRAIN
Bossière,6.69932176237,46.50974851438,TRAIN
Bossonnens,6.85324187226,46.52570379879,TRAIN
Boswil-Bünzen,8.31528358765,47.30518168342,TRAIN
Bottighofen,9.21310411429,47.64070724442,TRAIN
Boudry,6.83504762399,46.95945708723,TRAIN
Boudry Littorail,6.83914771164,46.94948454823,TRAIN
Boudry Tuilière,6.84283013683,46.95146480533,TRAIN
Bouquetins,7.07233999959,46.31640000233,TRAIN
Bouveret,6.8532438578,46.38581715889,TRAIN
Bovernier,7.08215513338,46.07869158237,TRAIN
Bowil,7.69805352593,46.90004819358,TRAIN
Bremgarten,8.34648741256,47.3515177113,TRAIN
Bremgarten Isenlauf,8.3415255869,47.34606531932,TRAIN
Bremgarten Obertor,8.34374932692,47.35056777061,TRAIN
Bremgarten West,8.33711091194,47.34569056576,TRAIN
Brenzikofen,7.61074516003,46.81834475607,TRAIN
Bretonnières,6.47473250427,46.71505532993,TRAIN
Brienz,8.03894632985,46.75484373696,TRAIN
Brienz West,8.02037664339,46.75731227768,TRAIN
Brienzwiler,8.09069606082,46.74545227095,TRAIN
Brig,7.9880947394,46.31942270578,TRAIN
Brig Autoverlad,7.99279370418,46.32094589162,TRAIN
Brig Bahnhofplatz,7.98638354897,46.31900817454,TRAIN
Brittnau-Wikon,7.95704084851,47.26266615496,TRAIN
Broc-Chocolaterie,7.10933902374,46.60541552428,TRAIN
Broc-Village,7.09873999895,46.60405000133,TRAIN
Bronschhofen,9.03467787496,47.47544437918,TRAIN
Bronschhofen AMP,9.03092805218,47.48126713287,TRAIN
Brugg AG,8.20884455349,47.48085983498,TRAIN
Brunnadern-Neckertal,9.13059538196,47.33782748621,TRAIN
Brunnen,8.61006766101,46.99917491314,TRAIN
Brusio,10.12525999439,46.25930999688,TRAIN
Brügg BE,7.27822199136,47.12363952549,TRAIN
Brünig-Hasliberg,8.13865406129,46.75776257156,TRAIN
Brüttelen,7.1483000045,47.02060000005,TRAIN
Bubendorf,7.74154000377,47.45958999446,TRAIN
Bubikon,8.82271483906,47.27084101315,TRAIN
Buchli,7.67838999781,47.2636300009,TRAIN
Buchrain,8.35665850186,47.09364991511,TRAIN
Buchs AG,8.06958833558,47.3897384092,TRAIN
Buchs SG,9.47863668892,47.16841197936,TRAIN
Buchs-Dällikon,8.43560174397,47.45340531179,TRAIN
Buckten,7.84780053102,47.40899104799,TRAIN
Bugnei,8.78646678543,46.68234743304,TRAIN
Buix,7.02996726363,47.47933325623,TRAIN
Bulle,7.05300172867,46.61922510286,TRAIN
Burgdorf,7.62169447355,47.06070072639,TRAIN
Burgdorf Buchmatt,7.60827597482,47.06545797084,TRAIN
Burgdorf Steinhof,7.61953942949,47.05119989377,TRAIN
Burghalden,8.69271907699,47.20867389935,TRAIN
Burgholz,7.60322933488,46.66575114055,TRAIN
Burgistein,7.52122672531,46.78943768492,TRAIN
Burglauenen,7.97533000304,46.63590999915,TRAIN
Burier,6.87712182481,46.44788647498,TRAIN
Bussigny,6.55182614923,46.54759036746,TRAIN
Bussnang,9.08416306615,47.55608405274,TRAIN
Busswil BE,7.31862288564,47.09868485099,TRAIN
Bussy-Chardonney,6.44650999784,46.52677999419,TRAIN
Buttes,6.55319500129,46.88834624693,TRAIN
Bäch SZ,8.72717426861,47.20098164193,TRAIN
Bäretswil,8.85217497971,47.33731917783,TRAIN
Bätterkinden,7.53440000642,47.13001999472,TRAIN
Bévieux,7.03088000499,46.25898999609,TRAIN
Bôle,6.83837449666,46.96942291832,TRAIN
Bühler,9.42109131824,47.37297497601,TRAIN
Bülach,8.53620919891,47.52394992292,TRAIN
Büren an der Aare,7.37124283051,47.1381571124,TRAIN
Büren zum Hof,7.51880999629,47.09594999394,TRAIN
Bürglen TG,9.14987658921,47.54909842869,TRAIN
Bütschwil,9.07515106362,47.35959125215,TRAIN
Cadenazzo,8.94169889979,46.15261998874,TRAIN
Cadera,10.05137000307,46.34526999758,TRAIN
Cama,9.16913998278,46.27281693598,TRAIN
Camedo,8.61094488637,46.15475130258,TRAIN
Campascio,10.13169000567,46.24466999647,TRAIN
Campocologno,10.14206000572,46.23322000105,TRAIN
Capolago-Riva S. Vitale,8.97890525715,45.90283729575,TRAIN
Cappella-Agnuzzo,8.92444999754,45.99325999356,TRAIN
Carolina,10.05986999888,46.6703699939,TRAIN
Caslano,8.87629000197,45.97773999722,TRAIN
Castione-Arbedo,9.04146180622,46.22292165314,TRAIN
Castrisch,9.23307999347,46.77848999514,TRAIN
Cavadürli,9.86802999532,46.870400002,TRAIN
Cavaglia,10.04413999727,46.36431999644,TRAIN
Cavigliano,8.72120410435,46.18376031928,TRAIN
Cazis,9.43293999777,46.71986999757,TRAIN
Celerina,9.85844000586,46.51397999616,TRAIN
Celerina Staz,9.86512000071,46.50964999965,TRAIN
Cernier,6.9051800049,47.05704152803,TRAIN
Cery-Fleur-de-Lys,6.60501000535,46.54457999735,TRAIN
Cham,8.45750476373,47.17824387741,TRAIN
Cham Alpenblick,8.47146327537,47.18228240397,TRAIN
Chambrelien,6.81225676542,46.96710900772,TRAIN
Chamby,6.91350000304,46.4491800024,TRAIN
Chamby-Musée,6.91240458301,46.45382169941,TRAIN
Chambésy,6.1473043207,46.24094485508,TRAIN
Chamoson-St-Pierre-de-Clages,7.24109904693,46.18883638075,TRAIN
Champ-du-Moulin,6.77498896578,46.95991175631,TRAIN
Champéry,6.87148999808,46.17494999414,TRAIN
Champéry-Village,6.87483999802,46.18147999948,TRAIN
Chantemerle-près-Blonay,6.90654000193,46.4616499964,TRAIN
Chardonney-Château,6.43256000327,46.53470000022,TRAIN
Charrat-Fully,7.12647659794,46.12681287936,TRAIN
Chaulin-Cornaux,6.90952405539,46.45689384345,TRAIN
Chavornay,6.56816324702,46.71008452939,TRAIN
Chemex,6.93004999397,46.24361999513,TRAIN
Chernex,6.91008000638,46.44591999611,TRAIN
Cheseaux,6.60595999991,46.5843499999,TRAIN
Chexbres-Village,6.77853779056,46.48105723604,TRAIN
Cheyres,6.7863937067,46.81694583079,TRAIN
Chez-le-Maître-Ecoles,6.22215117049,46.59946064788,TRAIN
Chiasso,9.03144956231,45.83216802637,TRAIN
Chigny,6.47225000121,46.5160199935,TRAIN
Chur,9.52893773304,46.85308416276,TRAIN
Chur Altstadt,9.5317301563,46.84741598326,TRAIN
Chur West,9.51477582634,46.85039607429,TRAIN
Chur Wiesental,9.5314575124,46.86191091459,TRAIN
Château-d'Hauteville,6.86529000427,46.46846999966,TRAIN
Château-d'Oex,7.13140999894,46.47466999392,TRAIN
Château-d'Oex La Palaz,7.14383437141,46.4758999464,TRAIN
Château-de-Blonay,6.89174999729,46.46834999771,TRAIN
Châteauneuf-Conthey,7.30510219999,46.21610868974,TRAIN
Châtel-St-Denis,6.89579575561,46.52780591641,TRAIN
Châtelard VD,6.90113999575,46.44677999986,TRAIN
Châtillens,6.81548152013,46.57053302432,TRAIN
Chénens,7.00042964473,46.74921078897,TRAIN
Chêne-Bourg,6.19733346412,46.196600169,TRAIN
Cinuos-chel-Brail,10.02167100951,46.63776189108,TRAIN
Clarens,6.89577993661,46.44273829901,TRAIN
Clies,6.85490999677,46.46776000191,TRAIN
Col-de-Bretaye,7.07360999384,46.32192999944,TRAIN
Col-de-Soud,7.06954000076,46.3049400011,TRAIN
Collombey,6.94875636846,46.27119293074,TRAIN
Collombey-Village,6.94596008085,46.26932044852,TRAIN
Colombier NE,6.84886974332,46.9676523895,TRAIN
Colombier NE Allées Littorail,6.86950855573,46.96806812903,TRAIN
Colombier NE Les Chézards,6.86380194542,46.96076580933,TRAIN
Colombier NE Littorail,6.86541904665,46.96587081705,TRAIN
Combe-Tabeillon,7.15786601539,47.31355953846,TRAIN
Concise,6.72315740917,46.85088154377,TRAIN
Coppet,6.18782738095,46.31739357075,TRAIN
Corbier,6.95143999583,46.27217999936,TRAIN
Corcapolo,8.67583019935,46.16876936438,TRAIN
Corcelles BE,7.45046312033,47.28566541465,TRAIN
Corcelles-Nord,6.96029447415,46.83526211171,TRAIN
Corcelles-Peseux,6.88381355417,46.98335097242,TRAIN
Corcelles-Sud,6.95719217694,46.8288473733,TRAIN
Corgémont,7.14466145967,47.19339876796,TRAIN
Cormoret,7.05412356821,47.17294709932,TRAIN
Cornaux NE,7.02336566239,47.03857203126,TRAIN
Corseaux-Cornalles,6.82478080292,46.47045139364,TRAIN
Cortébert,7.10730920432,47.18933714818,TRAIN
Cossonay-Penthalaz,6.52368916814,46.60601008529,TRAIN
Cottens FR,7.03479432111,46.75121262863,TRAIN
Courchavon,7.05764595582,47.4397743973,TRAIN
Courfaivre,7.29116574222,47.33508312532,TRAIN
Courgenay,7.12420504386,47.40522617646,TRAIN
Court,7.34210987773,47.24060091564,TRAIN
Courtelary,7.06880326998,47.17563154331,TRAIN
Courtemaîche,7.05538017512,47.45586918374,TRAIN
Courtepin,7.12270999353,46.86711999649,TRAIN
Courtételle,7.31794276824,47.34282900859,TRAIN
Cousset,6.97749113071,46.81860488055,TRAIN
Couvet,6.63529804831,46.92295854581,TRAIN
Cressier FR,7.14971999811,46.90017999743,TRAIN
Cressier NE,7.03953207221,47.05195280516,TRAIN
Creux-de-Genthod,6.16131231072,46.26376775842,TRAIN
Croix-du-Nant,6.92745000391,46.23966999844,TRAIN
Croy-Romainmôtier,6.47811626855,46.6967123186,TRAIN
Crémines,7.43547730929,47.2856083347,TRAIN
Crémines-Zoo,7.45678379841,47.27241981705,TRAIN
Cugy FR,6.88916458987,46.81602827918,TRAIN
Cully,6.72715146685,46.48856179169,TRAIN
Dachsen,8.61382274063,47.66709049852,TRAIN
Dagmersellen,7.97902592247,47.21755794081,TRAIN
Dallenwil,8.39196255118,46.93378065669,TRAIN
Davos Dorf,9.84210999784,46.80972000043,TRAIN
Davos Frauenkirch,9.79924999382,46.76659999694,TRAIN
Davos Glaris,9.77992999436,46.7455699991,TRAIN
Davos Kongress/Eisstadion,9.83365080274,46.79934284942,TRAIN
Davos Laret,9.87339430204,46.84819593641,TRAIN
Davos Monstein,9.76000999675,46.71591000206,TRAIN
Davos Platz,9.82073000458,46.79146999372,TRAIN
Davos Wiesen,9.71584000191,46.6954899978,TRAIN
Davos Wolfgang,9.85454999332,46.83195999557,TRAIN
Degersheim,9.20011957075,47.37257810175,TRAIN
Deisswil,7.51326853887,46.95822821577,TRAIN
Deitingen,7.61891302482,47.21822579771,TRAIN
Delémont,7.3500633234,47.36201270009,TRAIN
Denges-Echandens,6.54050548188,46.52912709915,TRAIN
Dielsdorf,8.45944375321,47.48242050549,TRAIN
Dieni,8.74286499978,46.66993163349,TRAIN
Diepflingen,7.83771739368,47.44956050787,TRAIN
Diesbach-Betschwanden,9.02437338188,46.94618080685,TRAIN
Diessenhofen,8.75229939789,47.68546822382,TRAIN
Dietfurt,9.07832028969,47.34455188311,TRAIN
Dietikon,8.40498818789,47.40578380657,TRAIN
Dietikon Schöneggstrasse,8.40098815848,47.40196130914,TRAIN
Dietikon Stoffelbach,8.39895722047,47.39332505843,TRAIN
Dietlikon,8.61927640456,47.42020206401,TRAIN
Dinhard,8.75298088739,47.55334514795,TRAIN
Disentis/Mustér,8.85519153356,46.70507945464,TRAIN
Distelberg,8.04936488719,47.37599554567,TRAIN
Domat/Ems,9.45316000305,46.83313999876,TRAIN
Domat/Ems Werk,9.43038999637,46.8286399943,TRAIN
Domdidier,7.01138257529,46.86851205897,TRAIN
Dompierre FR,6.98536880348,46.85440276234,TRAIN
Dornach Apfelsee,7.6089264839,47.47684632654,TRAIN
Dornach-Arlesheim,7.61111894185,47.48861983603,TRAIN
Dottikon-Dintikon,8.23471026607,47.37364655616,TRAIN
Dotzigen,7.33775428544,47.11867176922,TRAIN
Duggingen,7.60346073631,47.45344485945,TRAIN
Dulliken,7.94650133116,47.35427613722,TRAIN
Däniken SO,7.97877134475,47.35639008753,TRAIN
Därligen,7.81473735358,46.65976435156,TRAIN
Därstetten,7.4956915095,46.65871875618,TRAIN
Döttingen,8.25636467328,47.57526982038,TRAIN
Dübendorf,8.62342174423,47.40008035995,TRAIN
Düdingen,7.18975321001,46.85105245534,TRAIN
Dürrenroth,7.79201345149,47.09130562207,TRAIN
Ebikon,8.34235825617,47.08426271808,TRAIN
Ebligen,7.99003698893,46.75262416275,TRAIN
Ebnat-Kappel,9.12098748225,47.26366641071,TRAIN
Echallens,6.63254000187,46.63950999623,TRAIN
Eclépens,6.55242112332,46.65719065799,TRAIN
Ecublens-Rue,6.81105498124,46.61043023974,TRAIN
Effretikon,8.68667914444,47.42581205991,TRAIN
Egerkingen,7.79896647346,47.31486483592,TRAIN
Egg,8.68955533869,47.30155003508,TRAIN
Eggerberg,7.88103271919,46.30654629812,TRAIN
Eglisau,8.51655801586,47.572374547,TRAIN
Egnach,9.3830174841,47.54399130383,TRAIN
Ei im Emmental,7.75589197933,47.02762122778,TRAIN
Eifeld,7.64227313036,46.68386875529,TRAIN
Eigerwand,8.00361250011,46.58132221202,TRAIN
Eiken,7.98979755315,47.5330442737,TRAIN
Einsiedeln,8.74447774656,47.12858171887,TRAIN
Eismeer,8.01017144979,46.57233865556,TRAIN
Elgg,8.86341158621,47.49852908813,TRAIN
Embrach-Rorbas,8.58706884873,47.52059024023,TRAIN
Emmat,8.7018300056,47.29237999569,TRAIN
Emmenbrücke,8.28256536801,47.07060149967,TRAIN
Emmenbrücke Gersag,8.27682007954,47.07831417825,TRAIN
Emmenbrücke Kapf,8.27319059247,47.09090997877,TRAIN
Emmenmatt,7.74729483357,46.94815408466,TRAIN
En Charnet,6.88701000512,46.19701999568,TRAIN
Enge im Simmental,7.41762444441,46.64753323787,TRAIN
Engelberg,8.40250740909,46.81952045957,TRAIN
Ennenda,9.07719380509,47.03295954319,TRAIN
Enney,7.08523999577,46.5654000009,TRAIN
Entlebuch,8.06236432888,46.99369335592,TRAIN
Ependes VD,6.60766187443,46.74641611111,TRAIN
Epesses,6.74516603412,46.48932879519,TRAIN
Erdmannlistein,8.31262093326,47.34936784429,TRAIN
Erlen,9.22620198059,47.55146027649,TRAIN
Erlenbach ZH,8.59152235725,47.30579195922,TRAIN
Erlenbach im Simmental,7.55523519614,46.65909177832,TRAIN
Ermatingen,9.08567252782,47.66999916787,TRAIN
Ermensee,8.24231442358,47.22969061575,TRAIN
Erstfeld,8.65045464023,46.82033940886,TRAIN
Eschenbach LU,8.3227907318,47.13239599983,TRAIN
Eschenz,8.87656172053,47.64541208382,TRAIN
Eschlikon TG,8.95853620191,47.46149105903,TRAIN
Escholzmatt,7.93637795766,46.91534823139,TRAIN
Essert-Pittet,6.58065581845,46.72767332068,TRAIN
Essert-sous-Champvent,6.58015642214,46.79535565453,TRAIN
Esslingen,8.70969000096,47.28786000185,TRAIN
Estavayer-le-Lac,6.84296723341,46.84449884868,TRAIN
Etagnières,6.61303000584,46.6000599964,TRAIN
Etiez,7.160582137,46.08294816376,TRAIN
Etoy,6.42713535556,46.47517274137,TRAIN
Ettenhausen-Emmetschloo,8.83431470875,47.32481882827,TRAIN
Etzwilen,8.81861734532,47.66114467977,TRAIN
Evionnaz,7.02551815271,46.16925438008,TRAIN
Ewil Maxon,8.21859636876,46.86068774986,TRAIN
Exergillod,7.0384800042,46.33710999799,TRAIN
Eyholz,7.91630428018,46.29678056686,TRAIN
Faido,8.79071010682,46.48307550406,TRAIN
Faoug,7.07454622978,46.90831034782,TRAIN
Faulensee,7.69791491525,46.673755484,TRAIN
Fayaux,6.90763000585,46.46997999961,TRAIN
Fayot,6.89950999534,46.21205999831,TRAIN
Fehraltorf,8.75028811504,47.3851228052,TRAIN
Felben-Wellhausen,8.9431748232,47.57710212729,TRAIN
Feldbach,8.78349776635,47.23920356137,TRAIN
Feldbrunnen,7.5558600001,47.22066000112,TRAIN
Felsberg,9.48128043727,46.84309940562,TRAIN
Ferenbalm-Gurbrü,7.21886733914,46.95405649714,TRAIN
Feuerthalen,8.64596842886,47.69216947827,TRAIN
Fey,6.68508000127,46.67431999616,TRAIN
Fideris,9.73376000172,46.92237000212,TRAIN
Fiesch,8.1341917528,46.40628476913,TRAIN
Fiesch Feriendorf,8.13077222768,46.39732521518,TRAIN
Filisur,9.68228999603,46.67532999684,TRAIN
Finhaut,6.97613107,46.08240442029,TRAIN
Fischenthal,8.92329588574,47.33330268754,TRAIN
Flamatt,7.31957081153,46.88849135728,TRAIN
Flamatt Dorf,7.31052000648,46.88990000217,TRAIN
Flawil,9.18978559141,47.41518938374,TRAIN
Flendruz,7.18607000478,46.4820899946,TRAIN
Fleurier,6.58131693222,46.90476157461,TRAIN
Flumenthal,7.5966800031,47.23915999537,TRAIN
Flums,9.34792924789,47.09661665326,TRAIN
Flüelen,8.62430265309,46.90173016546,TRAIN
Fontanivent,6.90232999358,46.45272999776,TRAIN
Fontannaz-Seulaz,7.05584999704,46.26759999975,TRAIN
Fontanney,6.98229999955,46.3183199945,TRAIN
Forch,8.64796999397,47.32534000249,TRAIN
Foyer Dents-du-Midi,7.02984000592,46.25638999965,TRAIN
Fraubrunnen,7.52221594389,47.08658155126,TRAIN
Frauenfeld,8.89655967341,47.55816340457,TRAIN
Frauenfeld Marktplatz,8.89872734757,47.55420159415,TRAIN
Freienbach SBB,8.75621859973,47.20731070802,TRAIN
Freienbach SOB,8.75939896054,47.20420368646,TRAIN
Frenkendorf-Füllinsdorf,7.71911053155,47.50146999108,TRAIN
Fribourg/Freiburg,7.15104688334,46.80314817218,TRAIN
Fribourg/Freiburg Poya,7.15648590497,46.81557959482,TRAIN
Frick,8.01309246283,47.50734852394,TRAIN
Frinvillier-Taubenloch,7.25752927622,47.16945779659,TRAIN
Frutigen,7.65141831454,46.58890754281,TRAIN
Fräschels,7.20604006145,46.99912608812,TRAIN
Ftan Baraigla,10.25798999413,46.78765000167,TRAIN
Furka DFB,8.42845745994,46.57620785485,TRAIN
Furna,9.70895000427,46.93977999973,TRAIN
Fürgangen-Bellwald Talstation,8.15231682297,46.41189742984,TRAIN
Gais,9.45115444121,47.36092357277,TRAIN
Galmiz,7.15320734383,46.95087062613,TRAIN
Gammenthal,7.73788113289,47.03505424336,TRAIN
Gampel-Steg,7.74758116307,46.30651548089,TRAIN
Gampelen,7.05644227051,47.00936362683,TRAIN
Gasel,7.40069191182,46.90092801328,TRAIN
Gelfingen,8.26482492435,47.21355903877,TRAIN
Gelterkinden,7.84766722157,47.46589371983,TRAIN
Genolier Campus,6.21676001771,46.44634910257,TRAIN
Genolier Sus-Châtel,6.20585999782,46.43848999897,TRAIN
Genolier Village,6.21457000531,46.43624999981,TRAIN
Genthod-Bellevue,6.15396079257,46.25673767557,TRAIN
Genève,6.14245159514,46.21021289876,TRAIN
Genève-Aéroport,6.1119855726,46.23253853439,TRAIN
Genève-Champel,6.15349872414,46.1921933443,TRAIN
Genève-Eaux-Vives,6.16656958816,46.20144540652,TRAIN
Genève-Stade,6.1260818267,46.17671358939,TRAIN
Genève-Sécheron,6.1445611504,46.2224403085,TRAIN
Gerlafingen,7.56528939033,47.17056294684,TRAIN
Gerolfingen,7.20125000457,47.07497999791,TRAIN
Gerra (Gambarogno),8.7849697706,46.12204096046,TRAIN
Geschinen,8.28210576169,46.49165333682,TRAIN
Gettnau,7.97014012587,47.1400944336,TRAIN
Gfeld,9.45575878004,47.40503205886,TRAIN
Gibswil,8.91551055853,47.31372010488,TRAIN
Gilamont,6.85262999497,46.47142000143,TRAIN
Gisikon-Root,8.39478852665,47.12132766776,TRAIN
Giswil,8.18631769163,46.83653440009,TRAIN
Giubiasco,9.00360008896,46.17381273154,TRAIN
Givisiez,7.12996152131,46.81675594802,TRAIN
Givrins,6.20522000491,46.42884999536,TRAIN
Gland,6.26913983363,46.41998647124,TRAIN
Glanzenberg,8.4204418766,47.39887872505,TRAIN
Glarus,9.07156641336,47.0399241436,TRAIN
Glattbrugg,8.55885414875,47.43082671563,TRAIN
Glattfelden,8.52405519018,47.54855798112,TRAIN
Gletsch,8.3614860414,46.56130617075,TRAIN
Glovelier,7.20931276817,47.33520951994,TRAIN
Gluringen,8.23390671443,46.46278231134,TRAIN
Goldach,9.46699692736,47.47379815015,TRAIN
Gonten,9.34732850087,47.32817888788,TRAIN
Gonten Alpsteinblick,9.33798070371,47.32136860365,TRAIN
Gontenbad,9.37243690816,47.33166360932,TRAIN
Gontenschwil,8.14445865463,47.28035419028,TRAIN
Goppenstein,7.75492126836,46.36770714811,TRAIN
Goppenstein Autoverlad,7.75751999582,46.36329000071,TRAIN
Gordola,8.86577329008,46.17904027239,TRAIN
Gorgier-St-Aubin,6.78102596556,46.89907614599,TRAIN
Gossau SG,9.25305069333,47.41183157855,TRAIN
Grafenort,8.37242375689,46.87059717595,TRAIN
Grafenried,7.51160999717,47.08012000053,TRAIN
Grand-Moulin,7.02321999813,46.25262000009,TRAIN
Grandgourt,7.04810999574,47.46992000189,TRAIN
Grandson,6.6419437403,46.80628338338,TRAIN
Grandval,7.42188209081,47.28358889877,TRAIN
Grandvaux,6.72265018612,46.49694824047,TRAIN
Granges-Marnand,6.89428972893,46.75884492426,TRAIN
Grellingen,7.59198835479,47.44129489524,TRAIN
Grenchen Nord,7.38961866289,47.1916982051,TRAIN
Grenchen Süd,7.39818006116,47.18877468867,TRAIN
Grengiols,8.09168220563,46.37521116889,TRAIN
Griesbach,7.74208510192,47.0443221955,TRAIN
Grindelwald,8.03331000504,46.62435999526,TRAIN
Grolley,7.06605254437,46.83197884478,TRAIN
Grosshöchstetten,7.63491888331,46.90463136314,TRAIN
Gruben,7.28012999758,46.49053999641,TRAIN
Grubenwald,7.38296877947,46.57981057434,TRAIN
Gruyères,7.07325000243,46.58260999347,TRAIN
Gryon,7.05971000262,46.27357999523,TRAIN
Gryon Barboleuse,7.07048999792,46.28274999476,TRAIN
Gryon Bois-Gentil,7.06754999823,46.2777299982,TRAIN
Gryon-Chalméry,7.05190999544,46.27363999411,TRAIN
Gränichen,8.09878988026,47.36166508224,TRAIN
Gränichen Oberdorf,8.10648282188,47.35653884892,TRAIN
Gränichen Töndler,8.09204400884,47.36399014917,TRAIN
Grésaley,6.64217016024,46.64325269459,TRAIN
Grüenfeld,8.68728884259,47.19829526328,TRAIN
Grünenmatt,7.72390423295,47.00840034001,TRAIN
Grüsch,9.64578000516,46.98048999894,TRAIN
Gstaad,7.28441000533,46.47479999935,TRAIN
Guarda,10.15053000079,46.77152000111,TRAIN
Guntershausen,8.9170321041,47.47412135575,TRAIN
Gutenburg,7.79329129549,47.18179092673,TRAIN
Gänsbrunnen,7.46491573111,47.26565247513,TRAIN
Göschenen,8.58880822548,46.66581493943,TRAIN
Gübsensee,9.31674999535,47.39789999369,TRAIN
Gümligen,7.50550479629,46.93432191879,TRAIN
Gümmenen,7.23440939756,46.94218219729,TRAIN
Güttingen,9.29224305111,47.60875297248,TRAIN
Hagneck,7.18807000415,47.0582800006,TRAIN
Haldenstein,9.53308566007,46.87695956405,TRAIN
Hallwil,8.17594945533,47.32863875662,TRAIN
Hard-Mumenthal,7.77487999964,47.2338099952,TRAIN
Hasle LU,8.04698175204,46.97815166318,TRAIN
Hasle-Rüegsau,7.65532241986,47.01626278663,TRAIN
Hauptwil,9.2515915338,47.47686659343,TRAIN
Hauteville,6.86088999656,46.46625999502,TRAIN
Hebrig,9.46482871526,47.36214953018,TRAIN
Hedingen,8.44596555338,47.29878522812,TRAIN
Heerbrugg,9.6272488282,47.41039250658,TRAIN
Heiden,9.53648870616,47.44599774492,TRAIN
Heimberg,7.60613070754,46.79087368289,TRAIN
Hemishofen,8.83312913996,47.67799437376,TRAIN
Hendschiken,8.20738869937,47.38943108161,TRAIN
Henggart,8.68507523533,47.56425724372,TRAIN
Henniez,6.87010587847,46.73500140626,TRAIN
Herblingen,8.66428877792,47.71721015582,TRAIN
Herbriggen,7.79163490263,46.13214787821,TRAIN
Hergiswil Matt,8.31259294563,46.99407613638,TRAIN
Hergiswil NW,8.31018280227,46.98261792835,TRAIN
Herisau,9.27681223562,47.39016520866,TRAIN
Herisau Wilen,9.27925620557,47.37567821809,TRAIN
Herrliberg-Feldmeilen,8.61273342225,47.28182660108,TRAIN
Herzogenbuchsee,7.70095826853,47.18808612826,TRAIN
Hettlingen,8.69483415306,47.54544144647,TRAIN
Hindelbank,7.54541060076,47.04956376076,TRAIN
Hinteregg,8.68433999934,47.30572999899,TRAIN
Hinwil,8.83971989441,47.30005695036,TRAIN
Hirschberg,9.42285686815,47.33138255034,TRAIN
Hirschlang,7.75518999637,47.41012999761,TRAIN
Hirschthal,8.05282289778,47.3198867289,TRAIN
Hitzkirch,8.25200102563,47.2226727348,TRAIN
Hochdorf,8.28869962431,47.16697518872,TRAIN
Hochdorf Schönau,8.29873363509,47.16456932342,TRAIN
Hohtenn,7.76408688742,46.32245880492,TRAIN
Holderbank AG,8.16662236906,47.42864252972,TRAIN
Holzhäusern,7.71040000047,47.25815999862,TRAIN
Horgen,8.59691699657,47.26148337461,TRAIN
Horgen Oberdorf,8.58981582093,47.2587498147,TRAIN
Horn,9.46338788334,47.49317998028,TRAIN
Horw,8.306992215,47.01748015687,TRAIN
Hospental,8.57096435385,46.62108226605,TRAIN
Hunzenschwil,8.12569323097,47.38828588616,TRAIN
Hurden,8.80074572761,47.21414634563,TRAIN
Huttwil,7.84260766282,47.1144900419,TRAIN
Huttwil Sportzentrum,7.82993750439,47.1109144894,TRAIN
Hägendorf,7.84381639645,47.33026780298,TRAIN
Häggenschwil-Winden,9.3587225775,47.50386331927,TRAIN
Häusernmoos,7.74968536766,47.07858187867,TRAIN
Hölstein,7.7711399953,47.42741999981,TRAIN
Hölstein Süd,7.76781000434,47.42296999651,TRAIN
Hölstein Weidbächli,7.76347999962,47.41882999714,TRAIN
Hünenberg Chämleten,8.44990853795,47.16915942018,TRAIN
Hünenberg Zythus,8.45009524706,47.17360756726,TRAIN
Hüntwangen-Wil,8.51284804974,47.58126889888,TRAIN
Hüswil,7.90586295259,47.12857430434,TRAIN
Hüttlingen-Mettendorf,8.97455500758,47.58234363611,TRAIN
Igis,9.56475999486,46.94982999674,TRAIN
Ilanz,9.20743999658,46.77534999747,TRAIN
Illnau,8.72272752143,47.40881918966,TRAIN
Im Holz,7.47479487845,47.23092079231,TRAIN
Immensee,8.46267203625,47.0916186591,TRAIN
Innertkirchen Grimseltor,8.22959307024,46.70557595485,TRAIN
Innertkirchen Kraftwerk (Bahn),8.23250916747,46.70226129105,TRAIN
Innertkirchen Unterwasser,8.22607936514,46.70809694291,TRAIN
Ins,7.09956100561,46.999831409,TRAIN
Ins Dorf,7.10680999772,47.00558000061,TRAIN
Interlaken Ost,7.86900000435,46.69049999619,TRAIN
Interlaken West,7.8514531376,46.68262798036,TRAIN
Intragna,8.70227000635,46.17765999614,TRAIN
Ipsach,7.23547999392,47.11736999967,TRAIN
Ipsach Herdi,7.22893000113,47.11237000119,TRAIN
Islikon,8.84619703019,47.54783491707,TRAIN
Itingen,7.78722597967,47.46727871778,TRAIN
Ittigen bei Bern,7.48413000646,46.97330999908,TRAIN
Jakobsbad,9.32817511877,47.32007866225,TRAIN
Jakobstal,8.94408984731,47.50828752203,TRAIN
Jegenstorf,7.50777999617,47.04760999399,TRAIN
Jenaz,9.71831999439,46.92975000249,TRAIN
Jona,8.83461805252,47.23097664151,TRAIN
Jor,6.9651200062,46.45467000155,TRAIN
Jouxtens-Mézery,6.60168999727,46.54833999864,TRAIN
Kaiseraugst,7.72413554243,47.53849572666,TRAIN
Kaiserstuhl AG,8.41916248796,47.56644670041,TRAIN
Kaiserstuhl OW,8.17552469217,46.81436654592,TRAIN
Kallnach,7.23519647573,47.0255233907,TRAIN
Kalpetran,7.83696109226,46.21406890043,TRAIN
Kaltbrunn,9.02243102403,47.21798320842,TRAIN
Kaltenherberg,7.79959000261,47.23717999742,TRAIN
Kandersteg,7.6714125588,46.49539665054,TRAIN
Kandersteg Autoverlad,7.67021878097,46.49458196273,TRAIN
Kaufdorf,7.50185670291,46.83788683246,TRAIN
Kehlhof,9.16974849674,47.5722560325,TRAIN
Kehrsatz,7.47236023762,46.90882299248,TRAIN
Kehrsatz Nord,7.46610906448,46.91583636834,TRAIN
Kempraten,8.81431096018,47.23839772828,TRAIN
Kempten,8.8047206925,47.33204311533,TRAIN
Kemptthal,8.70558624821,47.45283885428,TRAIN
Kerzers,7.19281016807,46.97507896331,TRAIN
Kerzers Papiliorama,7.199281448,46.989773736,TRAIN
Kesswil,9.31742725076,47.59549777964,TRAIN
Kiesen,7.5755012849,46.81894382308,TRAIN
Kilchberg ZH,8.54801640459,47.32443156962,TRAIN
Killwangen-Spreitenbach,8.3542140006,47.43332885837,TRAIN
Kirchberg-Alchenflüh,7.58106589855,47.08290098077,TRAIN
Kleindietwil,7.79097469134,47.14630791799,TRAIN
Klingnau,8.25029485286,47.58155722168,TRAIN
Klosters Dorf,9.87533000513,46.88346999893,TRAIN
Klosters Platz,9.88093999484,46.86921000072,TRAIN
Klosters Selfranga,9.88424999733,46.85578999675,TRAIN
Kloten,8.58380969746,47.44860728557,TRAIN
Kloten Balsberg,8.57071849285,47.44229037023,TRAIN
Klus,7.69379293637,47.3042635506,TRAIN
Knonau,8.46673119008,47.22026434551,TRAIN
Koblenz,8.22704969738,47.60033829869,TRAIN
Koblenz Dorf,8.24016389696,47.60938608467,TRAIN
Kollbrunn,8.77401693565,47.45832420329,TRAIN
Konolfingen,7.6213670273,46.88070241891,TRAIN
Kradolf,9.20157506049,47.52472243741,TRAIN
Kreuzlingen,9.16908041834,47.65255276654,TRAIN
Kreuzlingen Bernrain,9.16320412695,47.64211449785,TRAIN
Kreuzlingen Hafen,9.18198226764,47.64916395657,TRAIN
Kreuzstrasse,9.5052375488,47.36562343706,TRAIN
Kriens Mattenhof,8.30233732059,47.0265755425,TRAIN
Krummenau,9.1681546902,47.24883505755,TRAIN
Kurzrickenbach Seepark,9.19635937071,47.64308083611,TRAIN
Kölliken,8.02646054449,47.33730018641,TRAIN
Kölliken Oberdorf,8.01909057757,47.32468319937,TRAIN
Köniz,7.4149120576,46.92460655557,TRAIN
Küblis,9.77183999848,46.91427999793,TRAIN
Küngoldingen,7.94179667102,47.30214150681,TRAIN
Küsnacht Goldbach,8.57596418686,47.32685670592,TRAIN
Küsnacht ZH,8.58063781685,47.31915662746,TRAIN
Küssnacht am Rigi,8.43351745732,47.08359415522,TRAIN
L'Asse,6.21174999488,46.401819999,TRAIN
L'Isle,6.41118000413,46.6172699941,TRAIN
La Brinaz,6.62021608837,46.79444902594,TRAIN
La Chaudanne-Les Moulins,7.09673469953,46.46605207107,TRAIN
La Chaux-d'Abel,6.89877392115,47.15280804531,TRAIN
La Chaux-de-Fonds,6.82598272105,47.09837435548,TRAIN
La Chaux-de-Fonds Les Forges,6.81278026047,47.0913353232,TRAIN
La Chaux-de-Fonds Orée-du-Bois,6.84202774736,47.09299849475,TRAIN
La Chaux-de-Fonds-Est,6.83695186329,47.10340033158,TRAIN
La Chaux-de-Fonds-Grenier,6.83368279478,47.09975182017,TRAIN
La Chaux-des-Breuleux,7.0254184099,47.2204948381,TRAIN
La Chiésaz,6.88213000031,46.46950999821,TRAIN
La Chèvrerie-Monterêt,6.18350999736,46.44847999763,TRAIN
La Cibourg,6.88366399811,47.12212599581,TRAIN
La Clairière,7.06799999698,46.28834000047,TRAIN
La Combe,7.09951145454,47.2843294826,TRAIN
La Conversion,6.67832359677,46.51308449749,TRAIN
La Corbatière,6.83491925403,47.0695517812,TRAIN
La Cour,6.88667999557,46.19423999751,TRAIN
La Cure,6.07357000523,46.46514999705,TRAIN
La Douay,7.1487384093,46.05249795648,TRAIN
La Faverge,7.14712000292,46.35492999401,TRAIN
La Ferrière,6.89405776591,47.14269676821,TRAIN
La Givrine,6.11143999975,46.45459999366,TRAIN
La Gottaz,6.48445999976,46.50654999458,TRAIN
La Heutte,7.22539578099,47.1894918077,TRAIN
La Large-Journée,6.8965550824,47.16128048613,TRAIN
La Médettaz,7.00783909249,46.10883370268,TRAIN
La Neuveville,7.09523241202,47.06283278734,TRAIN
La Plaine,5.99999277974,46.17866538711,TRAIN
La Presta Mines d'asphalte,6.6543614223,46.93109706127,TRAIN
La Punt Chamues-ch,9.92332999805,46.57867000127,TRAIN
La Roulaz,7.00148000014,46.33131999731,TRAIN
La Ruaz,7.00771999899,46.25307999606,TRAIN
La Sagne,6.80208107226,47.03988674628,TRAIN
La Sagne-Eglise,6.81852014854,47.05089739404,TRAIN
La Sarraz,6.51736100453,46.65878497158,TRAIN
La Tine,7.04657000131,46.46716999525,TRAIN
La Tour-de-Peilz,6.85953267344,46.45545289156,TRAIN
La Tour-de-Trême,7.06424000647,46.60853000021,TRAIN
La Tour-de-Trême Parqueterie,7.07098999583,46.6045400006,TRAIN
La Tour-de-Trême Ronclina,7.06143999969,46.60561999721,TRAIN
La Verrerie,6.92488000651,46.5875199956,TRAIN
La Vuarpillière,6.21725000203,46.39891999377,TRAIN
Lachen SZ,8.85271518942,47.19006843185,TRAIN
Lalden,7.90959226355,46.30107286663,TRAIN
Lally,6.91402999521,46.47920999587,TRAIN
Lamone-Cadempino,8.9321250232,46.03971861507,TRAIN
Lancy-Bachet,6.12936213667,46.17433286791,TRAIN
Lancy-Pont-Rouge,6.12494699563,46.18594529978,TRAIN
Landquart,9.55404469208,46.96744042836,TRAIN
Landquart Ried,9.56086999745,46.95719999741,TRAIN
Landschlacht,9.24694872402,47.62889135808,TRAIN
Langendorf,7.51358543186,47.21786149795,TRAIN
Langenthal,7.78471513555,47.21730287149,TRAIN
Langenthal Gaswerk,7.7821799997,47.22480000137,TRAIN
Langenthal Industrie Nord,7.78647123805,47.22855696117,TRAIN
Langenthal Süd,7.78019223143,47.2053380786,TRAIN
Langnau i.E.,7.78419743448,46.93924227872,TRAIN
Langnau-Gattikon,8.54383396105,47.28730650811,TRAIN
Langwies GR,9.70713999387,46.81932999896,TRAIN
Langwies ZH,8.69438999665,47.29605000202,TRAIN
Langwiesen,8.66232019933,47.68345097023,TRAIN
Lanzenhäusern,7.34706898115,46.84193113527,TRAIN
Lattigen bei Spiez,7.65026894498,46.69114124417,TRAIN
Lattrigen,7.21443046539,47.09695055603,TRAIN
Laufen,7.50263613094,47.41934648352,TRAIN
Laufenburg,8.06129613291,47.55976842294,TRAIN
Laupen BE,7.24201523966,46.90129246337,TRAIN
Lausanne,6.6290923032,46.51679183546,TRAIN
Lausanne-Chauderon,6.6260599947,46.52322999919,TRAIN
Lausanne-Flon,6.63033999676,46.52079999393,TRAIN
Lausen,7.75976281399,47.47034467249,TRAIN
Lauterbrunnen,7.90809000214,46.59842999974,TRAIN
Lavin,10.11097000072,46.76956999734,TRAIN
Lavorgo,8.83974741803,46.44090172513,TRAIN
Lax,8.11714779692,46.38700875138,TRAIN
Le Boéchet,6.92211199482,47.19424699475,TRAIN
Le Brassus,6.21394488318,46.58554394143,TRAIN
Le Bémont JU,7.01408167102,47.26322848007,TRAIN
Le Châble VS,7.21486016547,46.07934236309,TRAIN
Le Châtelard VS,6.95802138156,46.06028906704,TRAIN
Le Châtelard-Frontière,6.94987904428,46.05325532519,TRAIN
Le Creux-des-Biches,6.94066200359,47.20346400033,TRAIN
Le Crêt-du-Locle,6.78458129083,47.07723272268,TRAIN
Le Day,6.39902378652,46.72003152823,TRAIN
Le Landeron,7.06633533378,47.05663638587,TRAIN
Le Lieu,6.2834072012,46.64689995822,TRAIN
Le Locle,6.74615327632,47.05786104193,TRAIN
Le Locle Le Chalet,6.73883786796,47.05583786201,TRAIN
Le Locle-Col-des-Roches,6.72607086935,47.04988555625,TRAIN
Le Lussex,6.60091000005,46.55687999937,TRAIN
Le Manège,6.43217000067,46.55911999928,TRAIN
Le Marais,6.46259000093,46.52746999621,TRAIN
Le Muids,6.21542999395,46.45429999374,TRAIN
Le Noirmont,6.95647271185,47.22325859471,TRAIN
Le Pied-d'Or,7.05622164099,47.22210552172,TRAIN
Le Pont,6.32471989242,46.6686674916,TRAIN
Le Prese,10.07820130734,46.2911442904,TRAIN
Le Pâquier-Montbarry,7.05968999782,46.5946800024,TRAIN
Le Reymond,6.84407240513,47.08707794729,TRAIN
Le Rocheray,6.25026365958,46.62445724421,TRAIN
Le Sentier-L'Orient,6.23142655342,46.60579116904,TRAIN
Le Solliat-La Golisse,6.23902295172,46.61440647573,TRAIN
Le Stand,6.74525325973,47.00501333769,TRAIN
Le Séchey,6.30601199608,46.65847612898,TRAIN
Le Sépey,7.05279000022,46.36124000015,TRAIN
Le Trétien,6.99772622088,46.10231762806,TRAIN
Leimbach AG,8.16786689589,47.27271323222,TRAIN
Leissigen,7.77501587032,46.65510560753,TRAIN
Lengnau BE,7.36655367635,47.17943142326,TRAIN
Lengwil,9.19028316548,47.62559776429,TRAIN
Lenk im Simmental,7.44351999363,46.45857999928,TRAIN
Lenzburg,8.17039288935,47.39119975544,TRAIN
Les Arnoux,6.99678000255,46.29130999872,TRAIN
Les Avants,6.94332000102,46.45380999651,TRAIN
Les Aviolats,7.11316000512,46.35297000083,TRAIN
Les Bois,6.90618499515,47.17690199352,TRAIN
Les Bovets,7.14163999875,46.35546000025,TRAIN
Les Brenets,6.70738999802,47.06720999675,TRAIN
Les Breuleux,7.00554767582,47.21070156074,TRAIN
Les Breuleux-Eglise,7.00242153863,47.21300817767,TRAIN
Les Cases,6.99771000643,46.45592000107,TRAIN
Les Charbonnières,6.31704477281,46.66429453984,TRAIN
Les Chevalleyres,6.89811999602,46.47559000215,TRAIN
Les Coeudres,6.78015812884,47.02285100168,TRAIN
Les Coeudres-Est,6.78953104382,47.02879662064,TRAIN
Les Combes,7.17182999571,46.47747000067,TRAIN
Les Deurres,6.89914842881,46.98552471175,TRAIN
Les Diablerets,7.15502000539,46.35115999853,TRAIN
Les Echenards,7.08506000544,46.3553499965,TRAIN
Les Emibois,6.98485049167,47.23189669296,TRAIN
Les Esserts-de-Rive,6.26036835372,46.63198425636,TRAIN
Les Evouettes,6.87947022056,46.36286697325,TRAIN
Les Fontanelles,7.04545000154,46.34312999823,TRAIN
Les Frêtes,6.72578795785,47.05857958938,TRAIN
Les Fumeaux,7.06460813618,46.11008035108,TRAIN
Les Geneveys-sur-Coffrane,6.85321763217,47.01509638874,TRAIN
Les Granges-Gérignoz,7.15495037098,46.47416521952,TRAIN
Les Hauts-Geneveys,6.87467312928,47.0471765631,TRAIN
Les Marches,7.09126999387,46.60296999883,TRAIN
Les Marécottes,7.01169182583,46.11231172628,TRAIN
Les Neys,6.9247799983,46.23602000041,TRAIN
Les Nicolets,7.11953999971,46.35446000093,TRAIN
Les Planches (Aigle),7.05526999728,46.35534000044,TRAIN
Les Plantaz,6.22903000105,46.39115999398,TRAIN
Les Pléiades,6.9099399964,46.48335999418,TRAIN
Les Ponts-de-Martel,6.73527168184,46.99907835012,TRAIN
Les Posses,7.05089000334,46.27116999959,TRAIN
Les Pralies,6.12687000389,46.4511800007,TRAIN
Les Reussilles,7.08313516691,47.22433843398,TRAIN
Les Ripes,6.60806000514,46.59218999686,TRAIN
Les Salines,7.02763999582,46.25483999901,TRAIN
Les Sciernes,7.03421999494,46.49145999964,TRAIN
Les Tuileries,6.14733745893,46.24994634594,TRAIN
Lessoc,7.052550004,46.50738000195,TRAIN
Leuggelbach,9.04694433718,46.97574286248,TRAIN
Leuk,7.64493650277,46.31157951165,TRAIN
Leysin-Feydey,7.00836000611,46.34444000233,TRAIN
Leysin-Grand-Hôtel,7.0064299966,46.34554999784,TRAIN
Leysin-Village,7.00604999941,46.33926000111,TRAIN
Li Curt,10.06319999514,46.31119000146,TRAIN
Lichtensteig,9.08318877166,47.31969658644,TRAIN
Liebefeld,7.41898786959,46.93001116122,TRAIN
Liestal,7.7313674807,47.48446117213,TRAIN
Liestal Gräubern,7.74471999976,47.47641000043,TRAIN
Ligerz,7.13515714975,47.08376886201,TRAIN
Lindenholz,7.79046925437,47.15456317678,TRAIN
Linthal,8.99779486958,46.92556359068,TRAIN
Linthal Braunwaldbahn,9.00264326243,46.92831074864,TRAIN
Litzirüti,9.7032699946,46.79794999369,TRAIN
Locarno,8.80136089926,46.17242018944,TRAIN
Locarno S. Antonio,8.78632297929,46.16881913364,TRAIN
Lohn-Lüterkofen,7.52695999344,47.16299000153,TRAIN
Lommiswil,7.46951830598,47.21856495542,TRAIN
Lonay-Préverenges,6.51954473665,46.52313562905,TRAIN
Lotzwil,7.78858905233,47.18949367618,TRAIN
Lucens,6.84215023311,46.70777137451,TRAIN
Luchsingen-Hätzingen,9.03902248684,46.96507069224,TRAIN
Lugano,8.94699530851,46.00550054991,TRAIN
Lugano FLP,8.94760000626,46.0044900023,TRAIN
Lungern,8.16356472878,46.78635283222,TRAIN
Lupfig,8.2149898571,47.445184188,TRAIN
Lustmühle,9.35915115543,47.4003360406,TRAIN
Luterbach-Attisholz,7.58352345957,47.21714919274,TRAIN
Lutry,6.69060943656,46.50378676836,TRAIN
Luzern,8.31018320694,47.05017782809,TRAIN
Luzern Allmend/Messe,8.30323743966,47.0350681799,TRAIN
Luzern Littau,8.25711396709,47.05306432009,TRAIN
Luzern Verkehrshaus,8.33729732768,47.05393231647,TRAIN
Lyss,7.30630154849,47.07632350393,TRAIN
Lyss Grien,7.29650350222,47.07268456551,TRAIN
Lyssach,7.58132358183,47.06376091545,TRAIN
Lädeli,7.60903167052,46.78161364378,TRAIN
Läufelfingen,7.85623157727,47.39213289164,TRAIN
Léchelles,7.01162700494,46.82845973329,TRAIN
Lüdem,8.90244616768,47.5418817973,TRAIN
Lüen-Castiel,9.61334000084,46.83170999558,TRAIN
Lüscherz,7.17735000486,47.04802999769,TRAIN
Lütisburg,9.07110049465,47.38482629654,TRAIN
Lütschental,7.94898999822,46.63709999431,TRAIN
Lützelflüh-Goldbach,7.68227424956,47.00502149055,TRAIN
Madiswil,7.79579323113,47.16704915354,TRAIN
Madulain,9.93834999422,46.58707999842,TRAIN
Magadino-Vira,8.85018904333,46.14531571778,TRAIN
Magliaso,8.88411999657,45.98163999782,TRAIN
Magliaso Paese,8.89058000477,45.9834099984,TRAIN
Maiacher,8.63107000145,47.32816999475,TRAIN
Maienfeld,9.52921608969,47.00384055331,TRAIN
Malans GR,9.57372000014,46.97764999695,TRAIN
Malleray-Bévilard,7.2759462665,47.23871419185,TRAIN
Malters,8.18197195178,47.03858422128,TRAIN
Mammern,8.91400063279,47.64416020054,TRAIN
Mannenbach-Salenstein,9.05280407791,47.6736494796,TRAIN
Marin-Epagnier,7.01059479053,47.00910688854,TRAIN
Maroggia-Melano,8.97393980179,45.93243507652,TRAIN
Marthalen,8.65606285065,47.63137974671,TRAIN
Martigny,7.07912412849,46.10583120717,TRAIN
Martigny-Bourg,7.06973576311,46.0930399272,TRAIN
Martigny-Croix,7.05850036228,46.08670396384,TRAIN
Martigny-Expo,7.07556721153,46.09728932358,TRAIN
Massongex,6.98566054246,46.24120667772,TRAIN
Matran,7.09632859383,46.78893839521,TRAIN
Matten b. Interlaken,7.87286037877,46.67413729034,TRAIN
Matten i.S.,7.42163999847,46.49370999571,TRAIN
Matzingen,8.9327574406,47.52047441267,TRAIN
Mauraz,6.42971999911,46.58491999533,TRAIN
Meggen,8.38306144388,47.0501477958,TRAIN
Meggen Zentrum,8.37439305684,47.04519444665,TRAIN
Meilen,8.64431191101,47.26981115115,TRAIN
Meiringen,8.18425121495,46.72733215373,TRAIN
Meiringen Alpbach,8.19001455159,46.72311132982,TRAIN
Melide,8.94835919512,45.95571350204,TRAIN
Mellikon,8.35251071538,47.56848468008,TRAIN
Mellingen Heitersberg,8.27636325121,47.42807508777,TRAIN
Mels,9.4177582723,47.05374625631,TRAIN
Mendrisio,8.97861091962,45.86910860803,TRAIN
Mendrisio S. Martino,8.98309272048,45.87722019928,TRAIN
Menziken,8.18931877764,47.24092221719,TRAIN
Menznau,8.04088738522,47.08342723666,TRAIN
Merlischachen,8.40905814694,47.06765998438,TRAIN
Mettmenstetten,8.45738217923,47.24407106505,TRAIN
Meyrin,6.07690079901,46.22233545184,TRAIN
Mezzovico,8.92859030457,46.09427595995,TRAIN
Mies,6.16765465077,46.29848883328,TRAIN
Minusio,8.81956634223,46.17400592476,TRAIN
Miralago,10.09954999349,46.2731199936,TRAIN
Mitlödi,9.08121194009,47.01013161304,TRAIN
Mittelhäusern,7.36772084355,46.87640211375,TRAIN
Mittelmuhen,8.05431455999,47.33453095453,TRAIN
Mogelsberg,9.1420293335,47.36372793067,TRAIN
Mols,9.27681657365,47.11299067781,TRAIN
Montbovon,7.04214049001,46.48542610355,TRAIN
Monthey,6.95522666101,46.25565645124,TRAIN
Monthey-En Place,6.94590847349,46.25941127578,TRAIN
Monthey-Hôpital,6.94074999848,46.25187999369,TRAIN
Monthey-Ville,6.94749999941,46.25409999727,TRAIN
Montreux,6.91044012131,46.43588434112,TRAIN
Montreux-Collège,6.91270999963,46.43609999704,TRAIN
Montricher,6.39305000296,46.59632999465,TRAIN
Montétan,6.61317999605,46.53034000105,TRAIN
Moos,7.40102637084,46.90998593902,TRAIN
Moosseedorf,7.48484999391,47.01614000096,TRAIN
Moreillon,6.78564542808,46.50839811665,TRAIN
Morges,6.49396950064,46.51110119787,TRAIN
Morges-St-Jean,6.50804403291,46.51819536285,TRAIN
Morteratsch,9.94040999534,46.45072000226,TRAIN
Mosen,8.22415965131,47.24429231495,TRAIN
Moudon,6.80250793901,46.66805734102,TRAIN
Moutier,7.38104429627,47.28067251748,TRAIN
Muhen,8.0532653458,47.33878204666,TRAIN
Muhen Nord,8.05267481284,47.34348656022,TRAIN
Mumpf,7.90962438937,47.54762608945,TRAIN
Mumpé Tujetsch,8.82655852087,46.68211727821,TRAIN
Muntelier-Löwenberg,7.13326152062,46.93797415143,TRAIN
Muolen,9.33709297806,47.51762435932,TRAIN
Murg,9.2150418825,47.1131748554,TRAIN
Murgenthal,7.8321059408,47.26538126991,TRAIN
Muri AG,8.33982072726,47.2766662302,TRAIN
Muriaux,6.98523676724,47.24421696729,TRAIN
Murkart,8.915780003,47.53779000118,TRAIN
Murten/Morat,7.11528264747,46.9253466912,TRAIN
Mussachen,7.77303633509,47.09013717501,TRAIN
Muttbach-Belvédère,8.4043311613,46.56720297463,TRAIN
Muttenz,7.64789442691,47.5335912119,TRAIN
Mägenwil,8.2351552224,47.41450816824,TRAIN
Männedorf,8.69234611716,47.25342402768,TRAIN
Märstetten,9.06219347751,47.58282055676,TRAIN
Märwil,9.0692390399,47.53313069079,TRAIN
Môtiers NE,6.61022689725,46.9118220936,TRAIN
Möhlin,7.83386265811,47.56185846601,TRAIN
Mörel,8.04714048292,46.35620868375,TRAIN
Mörigen,7.21222999865,47.0856499963,TRAIN
Mörschwil,9.41438354158,47.47477145735,TRAIN
Mühlau,8.38852402748,47.22501998719,TRAIN
Mühlehorn,9.1730180523,47.11784024455,TRAIN
Mülenen,7.69131664681,46.63802803845,TRAIN
Müllheim-Wigoltingen,9.01552205517,47.58816457357,TRAIN
Münchenbuchsee,7.45194766971,47.02137578561,TRAIN
Münchenstein,7.61759669026,47.51339736245,TRAIN
Münchenwiler-Courgevaux,7.1162299945,46.91089999961,TRAIN
Münchwilen Pflegeheim,8.99194804999,47.48148904713,TRAIN
Münchwilen TG,8.99921721383,47.47690891892,TRAIN
Münsingen,7.55944239602,46.87335414993,TRAIN
Münster VS,8.26653194736,46.48536114533,TRAIN
Münsterlingen Spital,9.23611687217,47.63204610328,TRAIN
Münsterlingen-Scherzingen,9.22701176471,47.63342663952,TRAIN
Müntschemier,7.14243887714,46.9933230356,TRAIN
Mürren BLM,7.89724173424,46.56410551693,TRAIN
Nebikon,7.9774494816,47.19238062097,TRAIN
Neirivue,7.0615600054,46.52829000139,TRAIN
Nesslau-Neu St. Johann,9.19756603921,47.22682621714,TRAIN
Netstal,9.05943590574,47.06452902198,TRAIN
Neuchâtel,6.93570169412,46.99672679256,TRAIN
Neuchâtel Bains des Dames,6.92153161331,46.98882256667,TRAIN
Neuchâtel Champ-Bougin,6.91223739117,46.98456338819,TRAIN
Neuchâtel Evole,6.92337449857,46.98965148251,TRAIN
Neuchâtel Place Pury Littorail,6.92818815883,46.98941220474,TRAIN
Neuchâtel Port-de-Serrières,6.90483085247,46.98088976262,TRAIN
Neuchâtel Serrières Ruau,6.89503742119,46.97973713011,TRAIN
Neuchâtel-Serrières,6.90336268357,46.98396232538,TRAIN
Neue Forch,8.6378399935,47.3258100003,TRAIN
Neuenegg,7.29986000009,46.89414000008,TRAIN
Neuenhof,8.331255318,47.4506642331,TRAIN
Neuhaus bei Hinteregg,8.67402971,47.31278270889,TRAIN
Neuhausen,8.62493454562,47.68313341197,TRAIN
Neuhausen Bad Bf,8.61287811288,47.68212366184,TRAIN
Neuhausen Rheinfall,8.61694647232,47.67980492623,TRAIN
Neukirch-Egnach,9.37585331411,47.53879809979,TRAIN
Neumühle,7.74936635279,46.9656469699,TRAIN
Neunkirch,8.49481000249,47.68916000063,TRAIN
Neuthal,8.86437305141,47.35788761696,TRAIN
Neyruz FR,7.06502743208,46.76604906189,TRAIN
Nidau,7.24218997142,47.12385145793,TRAIN
Nidau Beunden,7.24031999956,47.11982000197,TRAIN
Nidfurn-Haslen,9.05927645697,46.98589452514,TRAIN
Nieder- und Oberurnen,9.0623937525,47.12236168864,TRAIN
Niederbipp,7.69481806732,47.27040173433,TRAIN
Niederbipp Dorf,7.69514000126,47.26581999844,TRAIN
Niederbipp Industrie,7.70317000505,47.27863999509,TRAIN
Niederdorf,7.75185999566,47.40438999371,TRAIN
Niederglatt ZH,8.50331557555,47.48747102012,TRAIN
Niederhasli,8.48870740845,47.4783308835,TRAIN
Niederrickenbach Station,8.3959358366,46.9281237019,TRAIN
Niederried,7.92868412087,46.7164309693,TRAIN
Niederscherli,7.38807012176,46.88643697907,TRAIN
Niederteufen,9.36761450542,47.39221009036,TRAIN
Niederwald,8.19021414942,46.43533101788,TRAIN
Niederwangen,7.3764635312,46.92550708,TRAIN
Niederweningen,8.36963061177,47.51120059646,TRAIN
Niederweningen Dorf,8.38107348439,47.50591365394,TRAIN
Noiraigue,6.72179914436,46.95491961211,TRAIN
Nottwil,8.13860102485,47.1388117477,TRAIN
Nyon,6.23596613063,46.38441896753,TRAIN
Näfels-Mollis,9.06995693502,47.09871927367,TRAIN
Nänikon-Greifensee,8.68641362315,47.36936291678,TRAIN
Nätschen,8.60960018321,46.6421964132,TRAIN
Oberaach,9.27106226685,47.55331937375,TRAIN
Oberalppass,8.67050236226,46.66023006057,TRAIN
Oberbipp,7.6610129384,47.25973627133,TRAIN
Oberbuchsiten,7.77172376414,47.30524722944,TRAIN
Oberburg,7.6293428672,47.03960954324,TRAIN
Oberdiessbach,7.61780934473,46.8392625361,TRAIN
Oberdorf BL,7.7489099998,47.3921199976,TRAIN
Oberdorf BL Winkelweg,7.74883000615,47.39713999749,TRAIN
Oberdorf SO,7.49369622143,47.23588345436,TRAIN
Oberei bei Wasen i.E.,7.77702098305,47.04341937691,TRAIN
Oberentfelden,8.04838712362,47.35648639545,TRAIN
Oberentfelden Engelplatz,8.04662293806,47.3561678837,TRAIN
Oberentfelden Uerkenbrücke,8.04567290302,47.36107493755,TRAIN
Obergesteln,8.32613402554,46.5132879717,TRAIN
Oberglatt ZH,8.51061883625,47.47020461158,TRAIN
Oberkirch LU,8.11423445965,47.15523762237,TRAIN
Oberkulm,8.1219020457,47.30148688903,TRAIN
Obermuhen,8.05448031511,47.3294031476,TRAIN
Oberried am Brienzersee,7.95892631977,46.73655776088,TRAIN
Oberrieden,8.5784605877,47.27967632115,TRAIN
Oberrieden Dorf,8.57765278797,47.27673178898,TRAIN
Oberriet SG,9.57137704004,47.32348322399,TRAIN
Oberrüti,8.40477945885,47.16592617211,TRAIN
Oberwald,8.34294481684,46.53085131294,TRAIN
Oberwald Autoverlad,8.34324694016,46.53133048586,TRAIN
Oberwangen,7.36219565525,46.91457108568,TRAIN
Oberwil im Simmental,7.43548334739,46.6561356285,TRAIN
Oberwinterthur,8.76038919617,47.5079223325,TRAIN
Oberzollikofen,7.46162999571,46.99694999428,TRAIN
Oensingen,7.709870322,47.28503510558,TRAIN
Oeschseite,7.3522899959,46.53136999853,TRAIN
Oey-Diemtigen,7.57915212949,46.65988776864,TRAIN
Ollon VD,6.99310000364,46.29682999445,TRAIN
Olten,7.90769964791,47.35193475927,TRAIN
Olten Hammer,7.89772397198,47.34855515899,TRAIN
Ondallaz-L'Alliaz,6.91396000084,46.47315999518,TRAIN
Opfikon,8.56179479491,47.42995484385,TRAIN
Oppikon,9.06210341128,47.55206426158,TRAIN
Oron,6.837104144,46.57254560973,TRAIN
Orsières,7.14361780689,46.02803684312,TRAIN
Ospizio Bernina,10.01969999506,46.40875999952,TRAIN
Ossingen,8.72411655179,47.61461396494,TRAIN
Ostermundigen,7.48149788168,46.95680242645,TRAIN
Otelfingen,8.38753243209,47.45493620253,TRAIN
Otelfingen Golfpark,8.40211345491,47.4558216436,TRAIN
Othmarsingen,8.21480549444,47.40743350791,TRAIN
Palagnedra,8.63080663731,46.1611043599,TRAIN
Palézieux,6.83787527681,46.54276359358,TRAIN
Palézieux-Village,6.82887452474,46.55711319978,TRAIN
Pampigny-Sévery,6.43216999862,46.576979999,TRAIN
Papiermühle,7.47658551009,46.97425730891,TRAIN
Paradiso,8.94688975243,45.98937263977,TRAIN
Payerne,6.9398849232,46.81964995918,TRAIN
Peist,9.67162999625,46.82949999812,TRAIN
Pensier,7.13529000092,46.84160999868,TRAIN
Petit-Martel,6.75518258076,47.01009266741,TRAIN
Petit-Martel-Est,6.76680466734,47.01458739008,TRAIN
Pfungen,8.64663394225,47.51603840485,TRAIN
Pfäffikon SZ,8.77812981895,47.20299744313,TRAIN
Pfäffikon ZH,8.78479969848,47.36708623786,TRAIN
Pieterlen,7.34019353831,47.17144115401,TRAIN
Plambuit,7.02396999353,46.3273499937,TRAIN
Plan Morier,7.12919999674,46.35356999777,TRAIN
Planchamp,6.90100000137,46.45117999712,TRAIN
Pont de Chemex,6.93110000156,46.2455999946,TRAIN
Pont de Fayot,6.90373000534,46.21901999536,TRAIN
Pont du Rhône,6.96178000071,46.27614999414,TRAIN
Pont-Céard,6.16277928503,46.28681738594,TRAIN
Pont-de-Drapel,6.98652000427,46.3198599997,TRAIN
Ponte Brolla,8.75331000243,46.18563999895,TRAIN
Ponte Tresa,8.8604800058,45.96998999538,TRAIN
Pontenet,7.25415925791,47.23884832498,TRAIN
Pontresina,9.89606999641,46.4906500002,TRAIN
Porrentruy,7.08007728509,47.42091638308,TRAIN
Poschiavo,10.05431999788,46.32479999621,TRAIN
Pratteln,7.69081730427,47.52266863171,TRAIN
Pratteln Salina Raurica,7.70988907602,47.53058808616,TRAIN
Preda,9.77730999465,46.5881499947,TRAIN
Prilly-Chasseur,6.6074299998,46.53965000109,TRAIN
Prilly-Malley,6.60262893925,46.52669197652,TRAIN
Privilasco,10.05508000071,46.33787000026,TRAIN
Pré-Petitjean,7.05843149659,47.27705296429,TRAIN
Prélaz-sur-Blonay,6.89792999679,46.46881999529,TRAIN
Prélionne,6.48027000096,46.50946999396,TRAIN
Puidoux,6.76568648465,46.49384122879,TRAIN
Pully,6.65946814021,46.51092362318,TRAIN
Pully-Nord,6.6579876066,46.51468146449,TRAIN
Punt Muragl,9.88118999519,46.50968000156,TRAIN
Punt Muragl Staz,9.88041000543,46.50734999726,TRAIN
Quartino,8.88733121459,46.15129808924,TRAIN
Rabius-Surrein,8.95750000388,46.73256999684,TRAIN
Rafz,8.54345141156,47.60379679512,TRAIN
Ramsei,7.70993011037,46.9968769975,TRAIN
Ramsen,8.82115853676,47.70743298521,TRAIN
Randa,7.78146291592,46.09993078168,TRAIN
Ranzo-S. Abbondio,8.77653770945,46.11699781418,TRAIN
Rapperswil SG,8.8167448876,47.22488721232,TRAIN
Raron,7.80151060193,46.30627441464,TRAIN
Realp,8.50345851647,46.59862575939,TRAIN
Realp Autoverlad,8.50283265047,46.59799059637,TRAIN
Realp DFB,8.50127188655,46.59566713635,TRAIN
Rebstein-Marbach,9.58675409445,47.39264002116,TRAIN
Reckingen VS,8.243888022,46.46822531574,TRAIN
Reconvilier,7.22741792534,47.23523833294,TRAIN
Regensdorf-Watt,8.47208492696,47.43656352579,TRAIN
Reichenau-Tamins,9.41254999503,46.82365999752,TRAIN
Reichenbach im Kandertal,7.69006267569,46.62512156007,TRAIN
Reichenburg,8.98232264544,47.1726982176,TRAIN
Reiden,7.96877438563,47.24146837212,TRAIN
Reinach AG,8.1845346613,47.25006233472,TRAIN
Reinach AG Mitte,8.18339284404,47.25450709163,TRAIN
Reinach AG Nord,8.18165445489,47.25706659057,TRAIN
Rekingen AG,8.32712567861,47.56997139138,TRAIN
Remaufens,6.87651365613,46.52373911814,TRAIN
Renan BE,6.92538209047,47.12572045674,TRAIN
Renens VD,6.57893533809,46.5370424669,TRAIN
Rennaz (Leysin),7.00086999367,46.3273600015,TRAIN
Reppischhof,8.39617331569,47.3840017596,TRAIN
Reuchenette-Péry,7.24702472889,47.18973910147,TRAIN
Reutlingen,8.75214807518,47.52965937846,TRAIN
Reverolle,6.43097000017,46.54042999345,TRAIN
Rheineck,9.59091263503,47.4668859339,TRAIN
Rheinfelden,7.79216890116,47.5512140325,TRAIN
Rheinfelden Augarten,7.7680318743,47.54587823443,TRAIN
Rhäzüns,9.39926000098,46.79967999844,TRAIN
Riazzino,8.88639737366,46.17533630315,TRAIN
Richterswil,8.70748135504,47.20837499706,TRAIN
Rickenbach-Attikon,8.78917503852,47.53535737473,TRAIN
Riddes,7.21785442217,46.17251115006,TRAIN
Riedholz,7.57268000517,47.2310299944,TRAIN
Riedmatt SZ,8.71210210165,47.1967053453,TRAIN
Riehen,7.65220870178,47.58350627671,TRAIN
Riehen Niederholz,7.63344120517,47.56947307668,TRAIN
Rietheim,8.27732794608,47.60075009475,TRAIN
Rietli,9.48713004052,47.36069929559,TRAIN
Rikon,8.79633214905,47.44500981889,TRAIN
Ringgenberg,7.89982544778,46.70386125934,TRAIN
Ringlikon,8.47742770576,47.36029839401,TRAIN
Ringoldingen,7.52457394915,46.65755860027,TRAIN
Rivaz,6.78459498291,46.47420773608,TRAIN
Rivera-Bironico,8.92528619655,46.12397655314,TRAIN
Roche VD,6.92705283746,46.35869637211,TRAIN
Roches Grises,7.06110000336,46.29375999793,TRAIN
Rodels-Realta,9.43293000325,46.73513999373,TRAIN
Roggwil Buchägerten,7.83194000266,47.23565999692,TRAIN
Roggwil Dorf,7.82234000247,47.23933999889,TRAIN
Roggwil Schmitten,7.81592000307,47.23761999633,TRAIN
Roggwil-Berg,9.39202280327,47.48559031015,TRAIN
Roggwil-Wynau,7.81491637783,47.25163965188,TRAIN
Rohrbach,7.81347419328,47.1372634552,TRAIN
Rolle,6.33640380762,46.46274581604,TRAIN
Romanel-sur-Lausanne,6.60316999713,46.56246999478,TRAIN
Romanshorn,9.37937129226,47.56552286487,TRAIN
Romont FR,6.91181142012,46.69350826123,TRAIN
Root D4,8.37376042104,47.10482538751,TRAIN
Rorschach,9.5051412874,47.47800197543,TRAIN
Rorschach Hafen,9.49292329362,47.47858991838,TRAIN
Rorschach Stadt,9.48936370848,47.47559232616,TRAIN
Rosental,8.97515234165,47.49234229793,TRAIN
Rosshäusern,7.29686992927,46.934341776,TRAIN
Rossinière,7.08324000217,46.4648099967,TRAIN
Rosé,7.06196862435,46.78263344944,TRAIN
Rothenbrunnen,9.41960999448,46.76785999378,TRAIN
Rothenburg Station,8.24756144538,47.08918367453,TRAIN
Rothenthurm,8.67467329812,47.10579465185,TRAIN
Rothrist,7.87939646804,47.30645567945,TRAIN
Rotkreuz,8.4304952639,47.14176416722,TRAIN
Rougemont,7.20896000232,46.4886199988,TRAIN
Route de Morgins,6.92142044946,46.23215132208,TRAIN
Rubigen,7.54536836042,46.89916973798,TRAIN
Ruderbach,9.59516309646,47.46158887795,TRAIN
Rudolfstetten,8.38153550812,47.36976256897,TRAIN
Rudolfstetten Hofacker,8.37695598729,47.36466872381,TRAIN
Rueras,8.75490784354,46.67822767918,TRAIN
Rueun,9.145609999,46.77469000104,TRAIN
Rupperswil,8.12695636531,47.40329025075,TRAIN
Russin,6.01803595662,46.18839513073,TRAIN
Räfis-Burgerau,9.48516999406,47.1499500025,TRAIN
Rämismühle-Zell,8.81913732453,47.44153899481,TRAIN
Räterschen,8.79501712952,47.49868192255,TRAIN
Rümikon AG,8.37366691787,47.56538384977,TRAIN
Rümlang,8.5327673226,47.45406560881,TRAIN
Rümlingen,7.85054194349,47.42537925471,TRAIN
Rüschlikon,8.55516265484,47.30713187461,TRAIN
Rüthi SG,9.53605686431,47.28673909329,TRAIN
Rüti GL,9.01303898247,46.9345459737,TRAIN
Rüti ZH,8.85407946345,47.26048380429,TRAIN
S-chanf,9.98181999664,46.61193999882,TRAIN
S-chanf Marathon,9.99698999999,46.61976000102,TRAIN
S. Antonino,8.96952064604,46.15904913855,TRAIN
S. Nazzaro,8.80705868101,46.13515769041,TRAIN
Saanen,7.26026999777,46.48856999593,TRAIN
Saanenmöser,7.31172000155,46.51760999701,TRAIN
Saas im Prättigau,9.80994999629,46.90764999438,TRAIN
Sachseln,8.23830577823,46.87096236493,TRAIN
Safenwil,7.98351823534,47.32175790242,TRAIN
Sagliains,10.09657999378,46.76339999452,TRAIN
Sagliains Autoverlad,10.09560925514,46.76308813045,TRAIN
Saignelégier,6.99419297063,47.25465646195,TRAIN
Saland,8.85422136063,47.39421140867,TRAIN
Salez-Sennwald,9.50233572526,47.24144907894,TRAIN
Salgesch,7.57819435695,46.30919533661,TRAIN
Salvan,7.02104949376,46.12161239525,TRAIN
Samedan,9.87363000426,46.53376000144,TRAIN
Sammelplatz,9.43244953291,47.34827152232,TRAIN
Samstagern,8.68598711615,47.1915524925,TRAIN
Sandbüchel,9.52166897805,47.47536586007,TRAIN
Sargans,9.44626047466,47.04482351441,TRAIN
Sarnen,8.24749935852,46.89460627392,TRAIN
Sarnen Nord,8.24912588173,46.90018398364,TRAIN
Satigny,6.0376652117,46.21422722553,TRAIN
Sattel,8.63394335401,47.08161915834,TRAIN
Saxon,7.17343599205,46.14938337843,TRAIN
Schachen (Gais),9.47736411085,47.36155053911,TRAIN
Schachen (Herisau),9.24320213894,47.38513574255,TRAIN
Schachen LU,8.14325892543,47.03797339717,TRAIN
Schaffhausen,8.63275578013,47.69828151482,TRAIN
Schaffhausen Bad Bf,8.63272795833,47.69828196258,TRAIN
Schafhausen i.E.,7.65675663838,46.99446739329,TRAIN
Schalunen,7.52417000108,47.1101600016,TRAIN
Scharnageln,7.7007899965,47.26309999596,TRAIN
Scheuren,8.65954999748,47.32259999866,TRAIN
Schiers,9.68803886217,46.96802466256,TRAIN
Schindellegi-Feusisberg,8.70937781615,47.17640928429,TRAIN
Schinznach Bad,8.16694860845,47.45178516429,TRAIN
Schlatt TG,8.68751082255,47.67949978635,TRAIN
Schlattingen,8.77043371755,47.66662433182,TRAIN
Schlieren,8.44724506334,47.39917636824,TRAIN
Schloss Laufen am Rheinfall,8.61426904409,47.67656565236,TRAIN
Schmerikon,8.94338195257,47.22516013057,TRAIN
Schmitten FR,7.25392039782,46.86294135797,TRAIN
Schmitten GR Landwasserviadukt,9.67185229046,46.68027516346,TRAIN
Schottikon,8.81171907243,47.50011749863,TRAIN
Schwanden GL,9.07746572383,46.99685224025,TRAIN
Schwarzenbach SG,9.06843068784,47.44518763456,TRAIN
Schwarzenburg,7.34256155547,46.81910977831,TRAIN
Schwarzer Bären,9.41536910826,47.42258878706,TRAIN
Schwarzwasserbrücke,7.36237505488,46.86279414457,TRAIN
Schwende,9.43558806552,47.30005262452,TRAIN
Schwendi bei Grindelwald,8.00307000236,46.63047000025,TRAIN
Schwendi bei Heiden,9.53065115348,47.45946972523,TRAIN
Schwerzenbach ZH,8.6586736149,47.38438582356,TRAIN
Schwyz,8.63215170839,47.02639719104,TRAIN
Schwäbis,7.61928460179,46.76267036315,TRAIN
Schänis,9.04397616792,47.15765714575,TRAIN
Schöfflisdorf-Oberweningen,8.41181230231,47.49797136026,TRAIN
Schöftland,8.05001672412,47.30587863902,TRAIN
Schöftland Nordweg,8.051227413,47.31110727556,TRAIN
Schönbühl RBS,7.49780999929,47.02047999824,TRAIN
Schönbühl SBB,7.49892786502,47.01894216935,TRAIN
Schönbühl Shoppyland,7.49362999456,47.01861999567,TRAIN
Schönenwerd SO,8.00015839874,47.37142387061,TRAIN
Schönried,7.29109999409,46.50453999895,TRAIN
Schübelbach-Buttikon,8.93878097396,47.17638983009,TRAIN
Schüpfen,7.38600196021,47.04185959245,TRAIN
Schüpfheim,8.01515058924,46.95064735989,TRAIN
Schützengarten,9.43825391293,47.41272383083,TRAIN
Scuol-Tarasp,10.28621999444,46.79376999625,TRAIN
Sedrun,8.76978098878,46.68106715123,TRAIN
Seebleiche,9.51699126812,47.47737009952,TRAIN
Seewis-Pardisla,9.63254000504,46.97689000216,TRAIN
Seftigen,7.5402889299,46.78684668918,TRAIN
Segnas,8.82981823972,46.69099747485,TRAIN
Selzach,7.4566350402,47.20062403005,TRAIN
Sembrancher,7.14583205021,46.0769312804,TRAIN
Sempach-Neuenkirch,8.19597905819,47.11605321161,TRAIN
Semsales,6.92692999639,46.57334999363,TRAIN
Sendy-Sollard,6.92907000177,46.44663999832,TRAIN
Sennhof-Kyburg,8.76034626042,47.46517688453,TRAIN
Seon,8.15880738978,47.34614895652,TRAIN
Seon Nord,8.16025310171,47.35315656567,TRAIN
Serocca,8.90457000364,46.00851999695,TRAIN
Seuzach,8.73888343051,47.53576697593,TRAIN
Sevelen,9.49383527244,47.12537476557,TRAIN
Siebnen-Wangen,8.90071360394,47.18267069741,TRAIN
Siegershausen,9.16826001807,47.61091699723,TRAIN
Sierre/Siders,7.53282555582,46.29212156382,TRAIN
Siggenthal-Würenlingen,8.24065999621,47.52068999387,TRAIN
Signau,7.72546316968,46.91963508313,TRAIN
Sihlau,8.52516835662,47.303288555,TRAIN
Sihlwald,8.55750854775,47.26829377159,TRAIN
Sins,8.397830915,47.18831423671,TRAIN
Sion,7.35919703457,46.2275531964,TRAIN
Sirnach,9.00047425934,47.46199710408,TRAIN
Siselen-Finsterhennen,7.18039000589,47.03114999428,TRAIN
Sisikon,8.62074872767,46.94925401457,TRAIN
Sissach,7.81202757047,47.46275411686,TRAIN
Sitterdorf,9.24899690821,47.50521844689,TRAIN
Six-Fontaines,6.49876860178,46.77422433176,TRAIN
Solduno,8.77760932104,46.16947235109,TRAIN
Solduno S. Martino,8.77036999387,46.171999996,TRAIN
Solothurn,7.54268921098,47.20419250288,TRAIN
Solothurn Allmend,7.52142705346,47.20888629886,TRAIN
Solothurn Baseltor,7.54190000355,47.20998999524,TRAIN
Solothurn Sternen,7.54536000468,47.21230000081,TRAIN
Solothurn West,7.53194915011,47.20671728842,TRAIN
Sommerau,7.85148136589,47.43902135794,TRAIN
Sonceboz-Sombeval,7.16876357856,47.19514835718,TRAIN
Sonvilier,6.96935277867,47.14134211864,TRAIN
Sonzier,6.92120999726,46.43905000214,TRAIN
Sood-Oberleimbach,8.52151971545,47.31962241833,TRAIN
Sorengo,8.93483000231,46.0003899939,TRAIN
Sorengo Laghetto,8.93334000617,45.99681000031,TRAIN
Sorvilier,7.30579360416,47.23935383043,TRAIN
Speicher,9.4427148624,47.41099893269,TRAIN
Spiez,7.6801030578,46.68639566835,TRAIN
Spinas,9.8453299983,46.559839994,TRAIN
Spital Zollikerberg,8.59679999891,47.34730999398,TRAIN
St-Blaise CFF,6.98211019495,47.01457594594,TRAIN
St-Blaise-Lac,6.98468647064,47.01210430057,TRAIN
St-Cergue,6.16036000101,46.44861000061,TRAIN
St-Cergue Les Cheseaux,6.1472799941,46.44688000226,TRAIN
St-Eloi,6.53205467271,46.72062136859,TRAIN
St-Gingolph (Suisse),6.80593200412,46.39219441816,TRAIN
St-Imier,7.00122388741,47.15171108116,TRAIN
St-Imier La Clef,6.98436770162,47.1465315951,TRAIN
St-Légier-Gare,6.87192999515,46.47052999791,TRAIN
St-Légier-Village,6.87656999507,46.47101999971,TRAIN
St-Léonard,7.41956823287,46.25148857524,TRAIN
St-Maurice,7.00204389825,46.21636950283,TRAIN
St-Prex,6.4559060173,46.48231690631,TRAIN
St-Saphorin,6.79703368938,46.47259370775,TRAIN
St-Sulpice NE,6.56329000199,46.90932999811,TRAIN
St-Triphon-Gare,6.97371999602,46.27821999402,TRAIN
St-Triphon-Village,6.97578999378,46.3020699974,TRAIN
St-Ursanne,7.16595705354,47.36770290339,TRAIN
St. Erhard-Knutwil,8.07458153471,47.18008191186,TRAIN
St. Gallen,9.36989666272,47.4231789499,TRAIN
St. Gallen Birnbäumen,9.39298185753,47.42583344121,TRAIN
St. Gallen Bruggen,9.32965492815,47.40720285207,TRAIN
St. Gallen Güterbahnhof,9.36246709863,47.41730092038,TRAIN
St. Gallen Haggen,9.33814644334,47.40775703236,TRAIN
St. Gallen Marktplatz,9.37672698881,47.42636247818,TRAIN
St. Gallen Notkersegg,9.40403882058,47.42522807955,TRAIN
St. Gallen Riethüsli,9.3672713878,47.41137989865,TRAIN
St. Gallen Schülerhaus,9.38742086388,47.42500738908,TRAIN
St. Gallen Spisertor,9.37962508364,47.42473118759,TRAIN
St. Gallen St. Fiden,9.39344380222,47.43454038247,TRAIN
St. Gallen Winkeln,9.30086029135,47.40392941106,TRAIN
St. Katharinen,7.5497899983,47.21610999772,TRAIN
St. Katharinental,8.73204004435,47.68756345629,TRAIN
St. Margrethen SG,9.63826192024,47.45321599373,TRAIN
St. Moritz,9.84639000322,46.49796999592,TRAIN
St. Niklaus VS,7.80208383825,46.17734145632,TRAIN
St. Peter-Molinis,9.65384999333,46.82914999442,TRAIN
St. Stephan,7.40051999556,46.50512999478,TRAIN
St. Urban,7.83581696547,47.23175054987,TRAIN
St. Urban Ziegelei,7.83614895163,47.2271986965,TRAIN
Staad SG,9.53552881334,47.48068852573,TRAIN
Stabio,8.94394221429,45.8497096554,TRAIN
Stalden i.E.,7.62286900031,46.87089330128,TRAIN
Stalden-Saas,7.87075460369,46.23197583166,TRAIN
Stammheim,8.78875014082,47.6348812953,TRAIN
Stans,8.36658044639,46.95839692457,TRAIN
Stansstad,8.33637685649,46.97626677594,TRAIN
Ste-Croix,6.50070486274,46.8194350554,TRAIN
Steckborn,8.98103307719,47.66450457418,TRAIN
Steffisburg,7.61516056376,46.77300002,TRAIN
Steg,8.93237176855,47.35385246489,TRAIN
Steigbach,9.40491015596,47.37701525268,TRAIN
Stein am Rhein,8.85502005429,47.65611096497,TRAIN
Stein-Säckingen,7.94884287334,47.54160826004,TRAIN
Steinach,9.44200338685,47.50095591388,TRAIN
Steinebrunn,9.34985854135,47.53153294112,TRAIN
Steinegg,9.43078567256,47.32011135913,TRAIN
Steinen,8.60744931426,47.04766863926,TRAIN
Steinerberg,8.58527759304,47.05221228856,TRAIN
Steinhausen,8.47843655924,47.19458148019,TRAIN
Steinhausen Rigiblick,8.47970387299,47.18786377024,TRAIN
Steinibach,7.45740186432,46.98441739694,TRAIN
Steinmaur,8.44685777449,47.48998675874,TRAIN
Sternen bei Teufen,9.37483175793,47.38948606137,TRAIN
Stettbach,8.59614477854,47.39721540796,TRAIN
Stettlen,7.524099998,46.95681999737,TRAIN
Stoss AR,9.49511843028,47.3607900954,TRAIN
Strahlholz,9.43186429663,47.36655307986,TRAIN
Studen BE,7.30174956022,47.11043809547,TRAIN
Stäfa,8.72165286994,47.24052719846,TRAIN
Stöckli,7.38839999438,46.51680999851,TRAIN
Suberg-Grossaffoltern,7.3390048549,47.05878211487,TRAIN
Sugiez,7.11934999568,46.96413000107,TRAIN
Sugnens,6.66576000245,46.65484999445,TRAIN
Suhr,8.08229064021,47.37163547418,TRAIN
Sulgen,9.18369443891,47.53880402552,TRAIN
Sumiswald-Grünen,7.73715325665,47.02544334624,TRAIN
Sumvitg-Cumpadials,8.9310272261,46.7240611657,TRAIN
Sur Roche,6.63892000604,46.64045000113,TRAIN
Sur-le-Buis,7.1006299995,46.35330000206,TRAIN
Surava,9.62094000291,46.66685999937,TRAIN
Surovas,9.90568000621,46.48562999332,TRAIN
Sursee,8.09789386466,47.17079504093,TRAIN
Susch,10.07933000327,46.75208000236,TRAIN
Sutz,7.21941999365,47.10186999634,TRAIN
Tann-Dürnten,8.85272272553,47.26837759227,TRAIN
Tannay,6.18112036456,46.30764514488,TRAIN
Tavanasa-Breil/Brigels,9.0624299982,46.75475999716,TRAIN
Tavannes,7.20164538962,47.21984466031,TRAIN
Taverne-Torricella,8.93033042594,46.05668555744,TRAIN
Tecknau,7.88761819102,47.4457602069,TRAIN
Tegna,8.74276367116,46.18602415806,TRAIN
Tenero,8.85022618523,46.17746745869,TRAIN
Territet,6.92270695101,46.42638156554,TRAIN
Teufen AR,9.38979624746,47.39044761742,TRAIN
Teufen AR Stofel,9.37998433903,47.39099921327,TRAIN
Teufenthal AG,8.11447827548,47.32940914981,TRAIN
Thalbrücke,7.68827181596,47.30842205269,TRAIN
Thalheim-Altikon,8.75764323585,47.56962135084,TRAIN
Thalwil,8.56476944907,47.29598140718,TRAIN
Thayngen,8.70322962154,47.74552077394,TRAIN
Thun,7.62960582867,46.75485273059,TRAIN
Thurnen,7.51387770203,46.81356097558,TRAIN
Thusis,9.44049999424,46.69820000049,TRAIN
Thörishaus Dorf,7.35186662436,46.89356923704,TRAIN
Thörishaus Station,7.35702880474,46.90462573785,TRAIN
Tiefenbach DFB,8.46462755715,46.58754675295,TRAIN
Tiefencastel,9.57285999721,46.66387999954,TRAIN
Tobel-Affeltrangen,9.03370938358,47.52130135182,TRAIN
Toffen,7.49603327961,46.85847127981,TRAIN
Tramelan,7.104299475,47.22282543267,TRAIN
Tramelan-Chalet,7.09230696596,47.2235331322,TRAIN
Tramelan-Dessous,7.11274363867,47.22248378123,TRAIN
Trasadingen,8.43739999714,47.66560000019,TRAIN
Travers,6.67656165588,46.94241153501,TRAIN
Trey,6.91625094517,46.77995709746,TRAIN
Triboltingen,9.10876054082,47.66289596057,TRAIN
Trimbach,7.90428535854,47.36605219045,TRAIN
Trin,9.35952000542,46.81656999827,TRAIN
Trogen,9.46141375435,47.4072645187,TRAIN
Trois-Villes,6.53268095568,46.80091487477,TRAIN
Troistorrents,6.91581000304,46.22828999683,TRAIN
Trubschachen,7.84614196442,46.92169995856,TRAIN
Trun,8.99044000229,46.742539997,TRAIN
Trélex,6.20642000428,46.41371999489,TRAIN
Trélex dépôt,6.208841,46.406611,TRAIN
Trübbach,9.48464925492,47.07468822371,TRAIN
Tschamut-Selva,8.70908419369,46.65674442039,TRAIN
Tuilerie,6.41421999543,46.5927999954,TRAIN
Turbenthal,8.84381988884,47.43738455437,TRAIN
Turgi,8.25345864571,47.49175731953,TRAIN
Turtmann,7.69960496792,46.3093314147,TRAIN
Tusinge,6.89625000078,46.47384999687,TRAIN
Twann,7.15649750354,47.09366406559,TRAIN
Tägerschen,9.02479327434,47.509363876,TRAIN
Tägertschi,7.5808365696,46.88228633355,TRAIN
Tägerwilen Dorf,9.13955959957,47.65372117539,TRAIN
Tägerwilen-Gottlieben,9.13297928203,47.65961479081,TRAIN
Täsch,7.77450721429,46.06745579469,TRAIN
Täsch Monte Rosa,7.77476005576,46.07453404584,TRAIN
Täuffelen,7.19855000115,47.06650999553,TRAIN
Tüscherz,7.19731836547,47.11500775261,TRAIN
Uerikon,8.75262520306,47.23586077472,TRAIN
Uetendorf,7.57284692281,46.77492419018,TRAIN
Uetendorf Allmend,7.59488399227,46.77312117929,TRAIN
Uetikon,8.67878709851,47.25903013041,TRAIN
Uetliberg,8.48755576067,47.3520743693,TRAIN
Uitikon Waldegg,8.46592172744,47.36592215885,TRAIN
Ulrichen,8.30882061459,46.50501820989,TRAIN
Union-Prilly,6.60984999577,46.5347200003,TRAIN
Unterentfelden Oberdorf,8.04202111604,47.36473683895,TRAIN
Unterentfelden Post,8.04444875497,47.36867272798,TRAIN
Unterkulm,8.11513345191,47.31012929251,TRAIN
Unterkulm Nord,8.11304954044,47.31476487134,TRAIN
Unterterzen,9.25501837741,47.1138568707,TRAIN
Untervaz-Trimmis,9.55917000023,46.91897999543,TRAIN
Unterzollikofen,7.45700991104,46.99173048303,TRAIN
Urdorf,8.43473069804,47.39088333689,TRAIN
Urdorf Weihermatt,8.43034251329,47.38096998247,TRAIN
Urnäsch,9.28546301968,47.31783095247,TRAIN
Urtenen,7.50064999877,47.02888999983,TRAIN
Uster,8.71870915949,47.35036900902,TRAIN
Uttigen,7.58263043754,46.79431051786,TRAIN
Uttwil,9.3397029742,47.58602380175,TRAIN
Utzenstorf,7.55362761912,47.12953714998,TRAIN
Uznach,8.98069081394,47.22428279614,TRAIN
Uzwil,9.1309918193,47.43644399908,TRAIN
Val-d'Illiez,6.89321999734,46.20360999714,TRAIN
Valendas-Sagogn,9.2754599971,46.79179000088,TRAIN
Valeyres-sous-Montagny,6.61133901842,46.79682308619,TRAIN
Vallorbe,6.37056563541,46.7124063243,TRAIN
Vauderens,6.85003757732,46.62145538042,TRAIN
Vaulruz-Nord,6.99141000115,46.62396999953,TRAIN
Vaulruz-Sud,6.98997000092,46.61920999774,TRAIN
Vaumarcus,6.75757922152,46.87764317368,TRAIN
Vechigen,7.55640080867,46.94643563808,TRAIN
Vendlincourt,7.15703956533,47.45215432399,TRAIN
Verdasio,8.64919999683,46.16520999515,TRAIN
Vernand-Camarès,6.60480000415,46.57094000031,TRAIN
Vernayaz,7.03835858628,46.13854600815,TRAIN
Vernayaz MC,7.04460764789,46.13041418261,TRAIN
Vernier,6.09389170749,46.2207186975,TRAIN
Vers-l'Eglise,7.13414000115,46.35362999354,TRAIN
Versam-Safien,9.31029999497,46.80737999909,TRAIN
Verschiez,6.98366823237,46.30817402747,TRAIN
Verscio,8.72947758811,46.18456262446,TRAIN
Versmont,7.00694999814,46.34141999859,TRAIN
Versoix,6.16574129202,46.27972718493,TRAIN
Vevey,6.84344559824,46.46300181066,TRAIN
Vevey Vignerons,6.85282173365,46.46908300331,TRAIN
Vevey-Funi,6.83544329034,46.46827670459,TRAIN
Veytaux-Chillon,6.92786078229,46.41762119587,TRAIN
Villars-Bozon,6.40236000052,46.61045999581,TRAIN
Villars-sous-Mont,7.07293999423,46.54379999475,TRAIN
Villars-sur-Glâne,7.11638562388,46.78982981876,TRAIN
Villars-sur-Ollon,7.05623000525,46.29625999729,TRAIN
Villars-sur-Ollon Golf,7.07549000434,46.30911999816,TRAIN
Villaz-St-Pierre,6.96064288147,46.72058040504,TRAIN
Villeneuve VD,6.92700310805,46.39837150642,TRAIN
Villeret,7.0196751732,47.16020368341,TRAIN
Villette VD,6.70737729881,46.49542481881,TRAIN
Villy,6.99440000409,46.28690000022,TRAIN
Vionnaz,6.9162029673,46.31503283861,TRAIN
Visp,7.88146547575,46.29402913539,TRAIN
Vouvry,6.89845022568,46.33649285999,TRAIN
Vuadens-Sud,7.02017000447,46.61795999434,TRAIN
Vuarennes,6.91097000183,46.4391200023,TRAIN
Vufflens-la-Ville,6.53076759961,46.5762449809,TRAIN
Vufflens-le-Château,6.47317999473,46.52480999369,TRAIN
Vuiteboeuf,6.55374087334,46.80376241729,TRAIN
Vögelinsegg,9.43638893312,47.41609019137,TRAIN
Wabern bei Bern,7.44588875523,46.92866277717,TRAIN
Walchwil,8.51693439376,47.09868699551,TRAIN
Walchwil Hörndli,8.50477763473,47.10846112075,TRAIN
Wald ZH,8.91399975334,47.27269050456,TRAIN
Waldburg,8.59301999965,47.34546999369,TRAIN
Waldenburg,7.74884999653,47.38627999516,TRAIN
Waldibrücke,8.31971009182,47.10789934286,TRAIN
Waldstatt,9.28610992275,47.35751465127,TRAIN
Walenstadt,9.31298145333,47.11987360855,TRAIN
Walkringen,7.61889017344,46.94753700709,TRAIN
Wallisellen,8.59192819967,47.41272308615,TRAIN
Waltensburg/Vuorz,9.12015000546,46.76955999488,TRAIN
Walterswil-Striegel,7.963203602,47.31992356869,TRAIN
Waltikon,8.6165407159,47.33694040667,TRAIN
Walzenhausen,9.60135321138,47.4512676255,TRAIN
Wangen an der Aare,7.6562344886,47.23195652524,TRAIN
Wangen bei Olten,7.86836052,47.3414006731,TRAIN
Warmesberg,9.51322056716,47.36534372293,TRAIN
Wartensee,9.5336150188,47.47176130251,TRAIN
Wasen i.E.,7.79136413882,47.04341586033,TRAIN
Wasserauen,9.42861497161,47.28556074969,TRAIN
Wattwil,9.08648237238,47.29947726414,TRAIN
Wauwil,8.01902005935,47.18385897475,TRAIN
Weberei Matzingen,8.9219561221,47.52728984145,TRAIN
Weesen,9.09471054695,47.12992101584,TRAIN
Weinfelden,9.10636822199,47.56622426323,TRAIN
Weissbad,9.43570140352,47.31044491481,TRAIN
Weissenbach,7.37429580948,46.60356559482,TRAIN
Weissenburg,7.47592043324,46.65929523621,TRAIN
Weite,9.50159999392,47.09147000235,TRAIN
Werthenstein,8.10186324196,47.05702513519,TRAIN
Wettingen,8.31600617145,47.45963817593,TRAIN
Wetzikon ZH,8.79228973378,47.31803163151,TRAIN
Wichtrach,7.56885580683,46.84161208605,TRAIN
Widen Heinrüti,8.35487063387,47.3619252762,TRAIN
Wiedlisbach,7.6461000005,47.25288000136,TRAIN
Wienacht-Tobel,9.54067015762,47.46623821328,TRAIN
Wiesendangen,8.77603800127,47.52554303727,TRAIN
Wiesengrund,8.94875272001,47.50219286055,TRAIN
Wil SG,9.04099305047,47.46241324274,TRAIN
Wila,8.84849088989,47.41777446991,TRAIN
Wilchingen-Hallau,8.46400999625,47.67948999651,TRAIN
Wildegg,8.16301990851,47.41527514475,TRAIN
Wilderswil,7.86947000551,46.66569999869,TRAIN
Wildpark-Höfli,8.53564889324,47.2965419745,TRAIN
Wilen bei Wollerau,8.73433286443,47.19758432312,TRAIN
Wiler,7.5559333442,47.15229701951,TRAIN
Willisau,7.99671805022,47.12272068099,TRAIN
Wimmis,7.6355974518,46.67572219594,TRAIN
Winkel am Zürichsee,8.59898830941,47.29720784525,TRAIN
Winteregg,7.89604778029,46.58180491089,TRAIN
Winterthur,8.72382105541,47.50033381047,TRAIN
Winterthur Grüze,8.75105520262,47.49875471416,TRAIN
Winterthur Hegi,8.76894715007,47.50148547384,TRAIN
Winterthur Seen,8.76681349078,47.48743541944,TRAIN
Winterthur Töss,8.70930994344,47.4898063841,TRAIN
Winterthur Wallrüti,8.76088216732,47.51672166353,TRAIN
Winterthur Wülflingen,8.68092954434,47.50643584992,TRAIN
Wittenbach,9.3885482761,47.46284902116,TRAIN
Wohlen AG,8.26979233871,47.34846403595,TRAIN
Wohlen Fulenbach,8.30109043489,47.34343796681,TRAIN
Wohlen Oberdorf,8.28688663078,47.34685162282,TRAIN
Wolfenschiessen,8.39479782106,46.90782264244,TRAIN
Wolhusen,8.0797541053,47.0554879299,TRAIN
Wolhusen Weid,8.06916674948,47.0655448759,TRAIN
Wollerau,8.72500984767,47.19543759071,TRAIN
Worb SBB,7.56485160662,46.91522998629,TRAIN
Worbboden,7.55952527022,46.93392908041,TRAIN
Worblaufen,7.45763000019,46.97883999852,TRAIN
Wynigen,7.6635068635,47.10517483138,TRAIN
Wädenswil,8.67521627099,47.22930727742,TRAIN
Wängi,8.95328812945,47.4963083858,TRAIN
Wünnewil,7.28065414643,46.87186094449,TRAIN
Würenlos,8.35766780632,47.44575947163,TRAIN
Yens,6.42731999569,46.51996000102,TRAIN
Yverdon William Barbey,6.63167626487,46.78899199121,TRAIN
Yverdon-Champ Pittet,6.66232011822,46.78214959366,TRAIN
Yverdon-les-Bains,6.64094400151,46.78154518698,TRAIN
Yvonand,6.74668733336,46.80087548918,TRAIN
Zell LU,7.92638197003,47.13675415753,TRAIN
Zermatt,7.74783789838,46.02399988125,TRAIN
Zernez,10.08994000603,46.69767000073,TRAIN
Zetzwil,8.1532503446,47.28222272822,TRAIN
Ziegelbrücke,9.06005166998,47.13615591159,TRAIN
Zihlbrücke,7.03057315632,47.00927707757,TRAIN
Zimeysa,6.06598534857,46.22123959467,TRAIN
Zizers,9.55958999371,46.93484000018,TRAIN
Zofingen,7.94311767398,47.28805253539,TRAIN
Zollbrück,7.74130056065,46.97571659009,TRAIN
Zollikerberg,8.60339999613,47.3460499949,TRAIN
Zollikofen,7.46291119582,47.00182593544,TRAIN
Zollikon,8.56974062583,47.33733459652,TRAIN
Zufikon,8.35467942804,47.35258270238,TRAIN
Zufikon Belvédère,8.35927821466,47.35767500448,TRAIN
Zufikon Hammergut,8.35458862375,47.35595499022,TRAIN
Zug,8.51504934096,47.17370697768,TRAIN
Zug Casino,8.51520272861,47.16231812521,TRAIN
Zug Chollermüli,8.48664570623,47.18023757776,TRAIN
Zug Fridbach,8.51229178194,47.15658113784,TRAIN
Zug Oberwil,8.50994051687,47.14768364169,TRAIN
Zug Postplatz,8.51693737657,47.16827568221,TRAIN
Zug Schutzengel,8.50724220932,47.1737249217,TRAIN
Zumikon,8.62373063819,47.33194141274,TRAIN
Zuoz,9.96146000644,46.59995000166,TRAIN
Zweibrücken,9.44441793126,47.36016245985,TRAIN
Zweidlen,8.46791893705,47.5704481598,TRAIN
Zweilütschinen,7.89969999842,46.63269999573,TRAIN
Zweisimmen,7.37486190719,46.55348255133,TRAIN
Zwingen,7.53046303135,47.4337991873,TRAIN
Zäziwil,7.66288211121,46.89975231197,TRAIN
Zürchersmühle,9.29282385827,47.33017980569,TRAIN
Zürich Affoltern,8.50858255772,47.4209089456,TRAIN
Zürich Altstetten,8.48896264996,47.39148307308,TRAIN
Zürich Binz,8.51829736305,47.36276307407,TRAIN
Zürich Brunau,8.52623535098,47.35164177902,TRAIN
Zürich Enge,8.53082057475,47.36409881802,TRAIN
Zürich Flughafen,8.56240182048,47.4503856299,TRAIN
Zürich Friesenberg,8.50750739155,47.36479941709,TRAIN
Zürich Giesshübel,8.52201633411,47.3626111025,TRAIN
Zürich HB,8.5402123491,47.37817667422,TRAIN
Zürich HB SZU,8.53935757275,47.3773926569,TRAIN
Zürich Hardbrücke,8.51712620147,47.3851978915,TRAIN
Zürich Leimbach,8.51856404602,47.33304432155,TRAIN
Zürich Manegg,8.51975117912,47.33800891998,TRAIN
Zürich Oerlikon,8.54413990999,47.4115300412,TRAIN
Zürich Rehalp,8.58319969074,47.35103994802,TRAIN
Zürich Saalsporthalle,8.52196914528,47.35779536995,TRAIN
Zürich Schweighof,8.50353176389,47.36494152934,TRAIN
Zürich Seebach,8.54466021551,47.4187500471,TRAIN
Zürich Selnau,8.53172495488,47.37223834348,TRAIN
Zürich Stadelhofen,8.54848908845,47.36660976671,TRAIN
Zürich Tiefenbrunnen,8.56138984971,47.35012468262,TRAIN
Zürich Triemli,8.49537993398,47.36499024689,TRAIN
Zürich Wiedikon,8.52348543973,47.37147722842,TRAIN
Zürich Wipkingen,8.52938237141,47.39303886876,TRAIN
Zürich Wollishofen,8.53360101346,47.34744024475,TRAIN
